{"type":"FeatureCollection","features":[{"type":"Feature","geometry":{"type":"Polygon","coordinates":[[[149.0111,-31.337],[149.0141,-31.344],[149.0401,-31.3424],[149.0459,-31.3388],[149.0506,-31.342],[149.0435,-31.3496],[149.0515,-31.3529],[149.0623,-31.3528],[149.0675,-31.3576],[149.0857,-31.3576],[149.0904,-31.3549],[149.0955,-31.357],[149.0942,-31.3644],[149.1134,-31.3668],[149.1152,-31.3557],[149.1206,-31.3539],[149.1167,-31.3467],[149.1247,-31.3468],[149.1237,-31.3514],[149.1269,-31.356],[149.1394,-31.3577],[149.125,-31.3669],[149.1325,-31.3712],[149.1355,-31.3772],[149.1437,-31.3757],[149.1533,-31.3846],[149.1727,-31.387],[149.174,-31.3924],[149.1847,-31.3931],[149.1804,-31.419],[149.1963,-31.4149],[149.2094,-31.4159],[149.2199,-31.4223],[149.2197,-31.4252],[149.2717,-31.4312],[149.2806,-31.4425],[149.2784,-31.4512],[149.2829,-31.4512],[149.2844,-31.4409],[149.3166,-31.4446],[149.3171,-31.4489],[149.3398,-31.4518],[149.3416,-31.4548],[149.3703,-31.461],[149.3695,-31.4654],[149.3767,-31.4665],[149.3761,-31.4696],[149.3793,-31.4626],[149.3806,-31.4664],[149.3849,-31.467],[149.3875,-31.4637],[149.3863,-31.4709],[149.411,-31.4742],[149.4219,-31.4847],[149.4301,-31.4807],[149.4387,-31.4843],[149.441,-31.4778],[149.4409,-31.4802],[149.4878,-31.486],[149.498,-31.4841],[149.4949,-31.5015],[149.5198,-31.5046],[149.5278,-31.5184],[149.5549,-31.5219],[149.5558,-31.5165],[149.5601,-31.5171],[149.5638,-31.5088],[149.5698,-31.5048],[149.5728,-31.509],[149.5897,-31.517],[149.607,-31.519],[149.6042,-31.5363],[149.6224,-31.538],[149.6227,-31.5453],[149.6752,-31.5528],[149.6746,-31.5571],[149.6779,-31.5598],[149.6844,-31.5624],[149.6897,-31.5596],[149.7011,-31.5612],[149.7095,-31.5692],[149.7126,-31.5695],[149.7147,-31.5584],[149.7243,-31.5598],[149.723,-31.5669],[149.7313,-31.5681],[149.7308,-31.5736],[149.7363,-31.5737],[149.7398,-31.5687],[149.7511,-31.5743],[149.7606,-31.572],[149.7693,-31.5779],[149.7681,-31.5822],[149.7807,-31.5808],[149.7889,-31.5853],[149.8024,-31.5862],[149.8127,-31.5838],[149.8192,-31.5976],[149.8354,-31.606],[149.8514,-31.6287],[149.8646,-31.6361],[149.8645,-31.6601],[149.8864,-31.6629],[149.8853,-31.6695],[149.9,-31.6713],[149.8974,-31.6867],[149.9541,-31.6939],[149.9555,-31.6861],[149.9668,-31.6874],[149.9659,-31.6926],[149.9871,-31.6955],[149.9886,-31.7127],[149.9933,-31.722],[149.9841,-31.7279],[149.9801,-31.7272],[149.9769,-31.7449],[150.0041,-31.7487],[150.0029,-31.7552],[150.0178,-31.7562],[150.015,-31.7708],[150.0208,-31.7716],[150.017,-31.8025],[150.0131,-31.8215],[150.0106,-31.8198],[150.006,-31.8238],[150.0135,-31.8324],[150.0105,-31.8431],[150.0142,-31.8483],[150.0067,-31.8537],[150.0269,-31.8566],[150.0262,-31.8607],[150.0299,-31.8626],[150.0258,-31.8622],[150.023,-31.8658],[150.0122,-31.8979],[150.0192,-31.8988],[150.0165,-31.908],[150.0195,-31.9103],[150.0178,-31.9314],[150.0214,-31.9381],[150.0192,-31.9499],[150.0219,-31.9605],[150.0073,-31.9812],[150.0017,-31.983],[149.9991,-31.9889],[149.992,-31.9909],[150.0016,-32.0],[149.9983,-31.9996],[149.9945,-32.0214],[149.9907,-32.0209],[149.9891,-32.029],[149.9892,-32.0416],[149.9925,-32.0493],[149.9867,-32.0582],[149.987,-32.0744],[149.9916,-32.0875],[149.985,-32.0943],[149.9875,-32.1014],[149.9835,-32.1109],[149.9824,-32.1262],[149.9775,-32.1256],[149.9769,-32.1332],[149.97,-32.1344],[149.9694,-32.1379],[149.9634,-32.1371],[149.962,-32.1443],[149.9584,-32.1439],[149.958,-32.1593],[149.9418,-32.1573],[149.9409,-32.163],[149.9487,-32.1642],[149.9476,-32.1709],[149.932,-32.1645],[149.9299,-32.1719],[149.9246,-32.1711],[149.9223,-32.1821],[149.9109,-32.1807],[149.9083,-32.195],[149.9249,-32.1972],[149.9245,-32.1993],[149.8934,-32.1936],[149.8912,-32.2046],[149.8873,-32.2041],[149.8743,-32.2127],[149.8661,-32.2072],[149.8626,-32.2094],[149.8644,-32.2034],[149.8422,-32.1998],[149.8348,-32.2023],[149.8338,-32.2082],[149.8298,-32.2077],[149.8306,-32.2038],[149.828,-32.2033],[149.8214,-32.2049],[149.8177,-32.2116],[149.805,-32.2091],[149.8044,-32.2134],[149.822,-32.2126],[149.819,-32.2388],[149.8084,-32.2374],[149.8114,-32.2212],[149.802,-32.2203],[149.7973,-32.2474],[149.8053,-32.2486],[149.8033,-32.2573],[149.8457,-32.2633],[149.8436,-32.2745],[149.8196,-32.2711],[149.8209,-32.2801],[149.8249,-32.2808],[149.8251,-32.2851],[149.8332,-32.2919],[149.844,-32.2943],[149.8446,-32.2903],[149.8475,-32.2907],[149.8488,-32.2975],[149.8604,-32.2953],[149.8636,-32.2985],[149.8644,-32.2941],[149.8707,-32.2948],[149.8672,-32.3107],[149.863,-32.3081],[149.8624,-32.3118],[149.8665,-32.3152],[149.8657,-32.3198],[149.8624,-32.3196],[149.8618,-32.3264],[149.8676,-32.3279],[149.8619,-32.3375],[149.8592,-32.3527],[149.8675,-32.3538],[149.8684,-32.3487],[149.8728,-32.3493],[149.8703,-32.3636],[149.8743,-32.3641],[149.8735,-32.3682],[149.8694,-32.3696],[149.8605,-32.3657],[149.8564,-32.3678],[149.86,-32.3708],[149.8564,-32.3802],[149.8508,-32.3803],[149.8492,-32.3854],[149.8408,-32.3831],[149.8394,-32.3912],[149.8446,-32.3976],[149.8377,-32.4028],[149.8421,-32.408],[149.8344,-32.4074],[149.8372,-32.4036],[149.8303,-32.4022],[149.8285,-32.3976],[149.8235,-32.3976],[149.824,-32.4029],[149.8168,-32.4019],[149.8093,-32.3922],[149.8041,-32.3924],[149.8102,-32.3989],[149.8065,-32.4261],[149.8135,-32.426],[149.8173,-32.4357],[149.8219,-32.4273],[149.8431,-32.4298],[149.8393,-32.4495],[149.8473,-32.453],[149.8465,-32.4572],[149.8421,-32.4567],[149.8415,-32.46],[149.8453,-32.4621],[149.8418,-32.4631],[149.8382,-32.4967],[149.8342,-32.4963],[149.8325,-32.5052],[149.8372,-32.5087],[149.8319,-32.5455],[149.8297,-32.5451],[149.8286,-32.5509],[149.8353,-32.5518],[149.8344,-32.556],[149.8237,-32.5547],[149.8213,-32.5742],[149.8263,-32.5749],[149.8196,-32.5945],[149.8197,-32.6056],[149.8156,-32.6051],[149.8146,-32.6105],[149.8267,-32.6121],[149.8188,-32.6561],[149.8096,-32.6549],[149.8092,-32.6667],[149.805,-32.6661],[149.8037,-32.6733],[149.8079,-32.6739],[149.8068,-32.6799],[149.7939,-32.6781],[149.7925,-32.6852],[149.8055,-32.6869],[149.8035,-32.6976],[149.7846,-32.695],[149.782,-32.7095],[149.7761,-32.7086],[149.7745,-32.7171],[149.7694,-32.7155],[149.7684,-32.7203],[149.7721,-32.7208],[149.7709,-32.7263],[149.7743,-32.7275],[149.7644,-32.727],[149.7638,-32.73],[149.7578,-32.7257],[149.7545,-32.7434],[149.7502,-32.7464],[149.7484,-32.7553],[149.7436,-32.7547],[149.7443,-32.7513],[149.74,-32.7507],[149.7387,-32.7572],[149.7343,-32.7531],[149.7335,-32.7564],[149.7296,-32.7558],[149.7302,-32.7526],[149.7268,-32.7522],[149.7213,-32.7767],[149.7106,-32.7774],[149.7134,-32.7799],[149.6993,-32.785],[149.6977,-32.7944],[149.691,-32.7934],[149.6922,-32.7982],[149.6884,-32.8004],[149.6812,-32.7994],[149.6781,-32.8161],[149.6731,-32.8155],[149.6716,-32.8194],[149.6633,-32.8184],[149.6587,-32.831],[149.6446,-32.828],[149.6435,-32.8341],[149.6373,-32.8333],[149.6333,-32.8412],[149.6267,-32.8403],[149.6252,-32.8484],[149.6213,-32.8479],[149.6179,-32.8559],[149.6123,-32.8551],[149.6109,-32.8631],[149.5986,-32.8615],[149.5959,-32.8762],[149.5873,-32.8758],[149.5851,-32.8859],[149.5812,-32.8876],[149.5705,-32.8861],[149.571,-32.8834],[149.5494,-32.8814],[149.5459,-32.8929],[149.5304,-32.8908],[149.5266,-32.8937],[149.5271,-32.9135],[149.5192,-32.9158],[149.517,-32.9147],[149.5187,-32.9097],[149.5155,-32.9081],[149.509,-32.9166],[149.5052,-32.9124],[149.4979,-32.9117],[149.5003,-32.8954],[149.492,-32.8954],[149.4927,-32.892],[149.4906,-32.8928],[149.4784,-32.9055],[149.4874,-32.9078],[149.4855,-32.9171],[149.4802,-32.922],[149.4739,-32.9192],[149.4696,-32.9288],[149.4635,-32.9305],[149.4588,-32.9274],[149.4542,-32.9417],[149.4482,-32.9363],[149.4515,-32.9352],[149.4537,-32.9282],[149.4472,-32.9298],[149.4393,-32.9252],[149.4301,-32.9427],[149.4305,-32.9506],[149.4231,-32.9587],[149.4128,-32.9458],[149.4097,-32.9627],[149.3885,-32.9601],[149.3871,-32.9677],[149.3729,-32.9658],[149.3717,-32.9717],[149.3685,-32.973],[149.363,-32.9707],[149.364,-32.9654],[149.3593,-32.9647],[149.3536,-32.975],[149.3436,-32.9675],[149.3407,-32.9697],[149.3424,-32.9887],[149.3393,-32.9821],[149.3294,-32.9864],[149.3236,-32.9703],[149.3184,-32.9723],[149.3166,-32.981],[149.3096,-32.9801],[149.3106,-32.9748],[149.3164,-32.9731],[149.3149,-32.9702],[149.2906,-32.9715],[149.272,-32.958],[149.2344,-32.9708],[149.2496,-32.9889],[149.2442,-32.9928],[149.2307,-32.9911],[149.2283,-33.0045],[149.2241,-33.0016],[149.2229,-32.9939],[149.2148,-32.9926],[149.2154,-32.9894],[149.196,-32.9867],[149.1965,-32.9841],[149.1721,-32.9807],[149.1702,-32.9897],[149.147,-32.9866],[149.1521,-32.9932],[149.1513,-32.9971],[149.1448,-32.9962],[149.1442,-32.9993],[149.129,-32.9972],[149.1281,-33.0084],[149.1198,-33.0158],[149.1184,-33.0239],[149.1217,-33.0352],[149.1281,-33.0368],[149.1301,-33.0448],[149.1218,-33.0459],[149.1178,-33.0597],[149.1126,-33.0583],[149.1081,-33.061],[149.1011,-33.0573],[149.1018,-33.0536],[149.0923,-33.0484],[149.0926,-33.0442],[149.0883,-33.0411],[149.0813,-33.0395],[149.0808,-33.0432],[149.0744,-33.0468],[149.0762,-33.0351],[149.0646,-33.0366],[149.0571,-33.0329],[149.0463,-33.0386],[149.0477,-33.0306],[149.0358,-33.029],[149.0371,-33.0224],[149.027,-33.021],[149.0318,-32.9941],[149.0252,-32.9931],[149.0269,-32.9839],[149.0227,-32.9833],[149.0252,-32.9708],[149.0155,-32.9669],[149.0205,-32.9509],[149.0164,-32.9502],[149.0279,-32.9448],[149.0263,-32.9389],[149.0178,-32.939],[149.0172,-32.9323],[149.01,-32.9321],[149.0121,-32.9206],[149.0097,-32.9203],[149.0061,-32.9033],[149.0148,-32.9044],[149.0104,-32.8933],[149.006,-32.8927],[149.0044,-32.8888],[148.9991,-32.89],[148.9968,-32.8752],[148.9991,-32.8704],[149.0027,-32.8725],[149.0053,-32.8651],[148.9923,-32.8633],[148.9974,-32.8379],[148.9908,-32.8385],[148.9909,-32.8308],[148.9841,-32.8347],[148.9857,-32.8271],[148.9762,-32.8211],[148.9796,-32.8131],[148.9755,-32.8099],[148.9799,-32.8039],[148.9801,-32.7991],[148.9769,-32.7974],[148.979,-32.795],[148.9671,-32.793],[148.9677,-32.7881],[148.9745,-32.7891],[148.9762,-32.781],[148.9572,-32.778],[148.9582,-32.7732],[148.9499,-32.7721],[148.952,-32.7628],[148.9419,-32.7611],[148.9402,-32.7533],[148.9269,-32.7517],[148.9321,-32.7423],[148.9019,-32.7391],[148.9037,-32.7281],[148.8978,-32.7321],[148.8794,-32.7281],[148.8727,-32.7236],[148.874,-32.7219],[148.8508,-32.7152],[148.8519,-32.7095],[148.8353,-32.7073],[148.8274,-32.7027],[148.8274,-32.6974],[148.8092,-32.6932],[148.81,-32.6889],[148.8028,-32.6855],[148.7825,-32.6816],[148.7834,-32.6758],[148.7755,-32.6747],[148.7765,-32.6696],[148.7598,-32.6656],[148.7616,-32.655],[148.7387,-32.6615],[148.7363,-32.6538],[148.7289,-32.6555],[148.7261,-32.6467],[148.7169,-32.6487],[148.718,-32.6417],[148.7034,-32.6398],[148.7044,-32.6339],[148.6874,-32.6313],[148.6889,-32.6232],[148.6822,-32.6218],[148.6791,-32.6256],[148.6745,-32.6176],[148.6419,-32.6133],[148.6393,-32.6078],[148.6032,-32.5982],[148.6061,-32.5817],[148.6142,-32.5827],[148.6148,-32.5791],[148.5978,-32.5769],[148.5972,-32.5805],[148.5808,-32.5802],[148.576,-32.5762],[148.5439,-32.572],[148.5447,-32.5675],[148.5394,-32.5668],[148.5421,-32.5568],[148.5388,-32.5564],[148.5438,-32.5511],[148.5366,-32.5496],[148.5313,-32.536],[148.5202,-32.5334],[148.5152,-32.5386],[148.5078,-32.5378],[148.4992,-32.5142],[148.4975,-32.5197],[148.4916,-32.5187],[148.4931,-32.5158],[148.4855,-32.5115],[148.4893,-32.5075],[148.4874,-32.506],[148.4761,-32.5069],[148.4553,-32.5006],[148.4558,-32.4965],[148.46,-32.4963],[148.4594,-32.4956],[148.4464,-32.4941],[148.4459,-32.4969],[148.4372,-32.4971],[148.4326,-32.4938],[148.4337,-32.4877],[148.4401,-32.4886],[148.4447,-32.4645],[148.4098,-32.4601],[148.4117,-32.4498],[148.3954,-32.4476],[148.3949,-32.4439],[148.3847,-32.4424],[148.3631,-32.423],[148.3711,-32.4189],[148.3723,-32.4152],[148.3549,-32.4134],[148.3455,-32.4079],[148.3419,-32.3996],[148.3372,-32.399],[148.3378,-32.3952],[148.3314,-32.3944],[148.3321,-32.3911],[148.3242,-32.3883],[148.325,-32.3846],[148.295,-32.3791],[148.3025,-32.3688],[148.2805,-32.3544],[148.2925,-32.3501],[148.294,-32.3416],[148.2735,-32.3388],[148.2803,-32.3164],[148.2737,-32.3156],[148.2747,-32.3098],[148.2649,-32.3086],[148.2653,-32.283],[148.2685,-32.2834],[148.2697,-32.2724],[148.2669,-32.2767],[148.2593,-32.2758],[148.2628,-32.2531],[148.2598,-32.2527],[148.2583,-32.2478],[148.2574,-32.2281],[148.2497,-32.2263],[148.2503,-32.2228],[148.2577,-32.2237],[148.2594,-32.2171],[148.2526,-32.2158],[148.2524,-32.2114],[148.261,-32.1935],[148.2488,-32.1919],[148.2431,-32.1837],[148.2497,-32.1788],[148.2483,-32.1723],[148.2546,-32.1672],[148.2512,-32.1628],[148.2567,-32.1634],[148.2582,-32.1548],[148.2526,-32.1541],[148.254,-32.1457],[148.2482,-32.1425],[148.257,-32.143],[148.2463,-32.1308],[148.2491,-32.1289],[148.2454,-32.1213],[148.248,-32.1123],[148.2437,-32.1071],[148.2493,-32.0999],[148.2323,-32.0977],[148.2289,-32.093],[148.238,-32.0942],[148.2392,-32.0844],[148.2424,-32.0835],[148.2377,-32.0829],[148.238,-32.0598],[148.2306,-32.058],[148.2316,-32.0516],[148.2418,-32.0529],[148.2318,-32.0426],[148.233,-32.0389],[148.2289,-32.0329],[148.2252,-32.0325],[148.2205,-32.0217],[148.2292,-32.0227],[148.2345,-32.003],[148.2217,-32.0014],[148.2232,-31.9749],[148.2208,-31.9746],[148.2215,-31.9707],[148.2162,-31.97],[148.2171,-31.9649],[148.2216,-31.9655],[148.2241,-31.9514],[148.2291,-31.952],[148.2255,-31.928],[148.2321,-31.9286],[148.2271,-31.9156],[148.2381,-31.917],[148.2409,-31.9003],[148.2413,-31.8885],[148.2289,-31.8841],[148.2318,-31.8774],[148.2555,-31.877],[148.2596,-31.8744],[148.2614,-31.864],[148.2523,-31.8534],[148.2932,-31.8326],[148.2906,-31.8295],[148.3037,-31.8204],[148.2993,-31.8069],[148.3018,-31.7925],[148.3169,-31.7915],[148.3266,-31.732],[148.3574,-31.7304],[148.3627,-31.7003],[148.3754,-31.6992],[148.3758,-31.7043],[148.3807,-31.7046],[148.3829,-31.6918],[148.4015,-31.6941],[148.4002,-31.702],[148.4046,-31.7029],[148.4153,-31.704],[148.4171,-31.6948],[148.4255,-31.6944],[148.4422,-31.6965],[148.4414,-31.7015],[148.4587,-31.7037],[148.461,-31.6906],[148.4734,-31.6921],[148.4721,-31.7001],[148.4896,-31.7023],[148.4914,-31.6908],[148.5011,-31.692],[148.4989,-31.7078],[148.5078,-31.7085],[148.5084,-31.7041],[148.5154,-31.7047],[148.5128,-31.6932],[148.527,-31.6963],[148.5372,-31.6887],[148.5417,-31.6931],[148.5484,-31.691],[148.5455,-31.6954],[148.5502,-31.6978],[148.5575,-31.6964],[148.5548,-31.7005],[148.5687,-31.6979],[148.5704,-31.704],[148.5769,-31.7059],[148.5819,-31.7065],[148.5793,-31.7023],[148.6279,-31.7105],[148.6276,-31.7047],[148.6301,-31.7051],[148.63,-31.7128],[148.6355,-31.7135],[148.6381,-31.7087],[148.6409,-31.7114],[148.6524,-31.7081],[148.6531,-31.7041],[148.6624,-31.7048],[148.6674,-31.6982],[148.6878,-31.69],[148.683,-31.6844],[148.6878,-31.6813],[148.6842,-31.6772],[148.6859,-31.6755],[148.6986,-31.6758],[148.6998,-31.6689],[148.7082,-31.6697],[148.7086,-31.6566],[148.7244,-31.6585],[148.7273,-31.6435],[148.7371,-31.6262],[148.7869,-31.5677],[148.7849,-31.5662],[148.7943,-31.5108],[148.8284,-31.5078],[148.8305,-31.4877],[148.8343,-31.4882],[148.8356,-31.4813],[148.8472,-31.4806],[148.8414,-31.4742],[148.8666,-31.4668],[148.8677,-31.4594],[148.8716,-31.4595],[148.8748,-31.4403],[148.8876,-31.4363],[148.8918,-31.4213],[148.9026,-31.4266],[148.9043,-31.4163],[148.9106,-31.417],[148.9116,-31.4114],[148.9266,-31.4131],[148.9274,-31.4086],[148.9383,-31.4099],[148.9444,-31.3934],[148.9277,-31.3914],[148.9296,-31.38],[148.9441,-31.3841],[148.9472,-31.3885],[148.9587,-31.3905],[148.9635,-31.3952],[148.9766,-31.3921],[148.9777,-31.3889],[148.9745,-31.3868],[148.9821,-31.3823],[148.9837,-31.3753],[148.9954,-31.3737],[148.9938,-31.3636],[149.0037,-31.3532],[149.0046,-31.3405],[149.0111,-31.337]]]},"properties":{"code":"N3","name":"Central-West Orana","state":"NSW","status":"Declared","status_colour":"#3fb950","declaration":"Declared 5 Nov 2021 (amended Dec 2023). 6,000 MW intended network capacity; 4,500 MW initial stage. Infrastructure planner: EnergyCo.","network_projects":"Central-West Orana REZ Network Infrastructure Project - Committed, Dec 2028 | Central-West Orana REZ Expansion - Actionable, Mar 2033 | Sydney Ring North (Hunter Transmission Project) - Actionable, Nov 2029","note":"","boundary_source":"EnergyCo declared boundary","source":"2026 ISP Appendix A3 (June 2026) REZ list"}},{"type":"Feature","geometry":{"type":"Polygon","coordinates":[[[151.0758,-32.0087],[151.0789,-32.0228],[151.0842,-32.0306],[151.0928,-32.0274],[151.105,-32.0279],[151.112,-32.032],[151.1225,-32.0301],[151.1549,-32.0354],[151.1545,-32.0441],[151.1614,-32.051],[151.1689,-32.0529],[151.1862,-32.0539],[151.1818,-32.0442],[151.201,-32.0458],[151.2024,-32.0384],[151.2704,-32.045],[151.2711,-32.0416],[151.3114,-32.0477],[151.3014,-32.0679],[151.3069,-32.0648],[151.3135,-32.0656],[151.317,-32.0701],[151.3269,-32.0717],[151.3247,-32.0828],[151.3178,-32.0819],[151.3144,-32.1092],[151.2969,-32.1095],[151.2979,-32.113],[151.2719,-32.125],[151.2582,-32.1392],[151.2701,-32.141],[151.2694,-32.1454],[151.3056,-32.1508],[151.2888,-32.1753],[151.2702,-32.1833],[151.2463,-32.2096],[151.2418,-32.2095],[151.2396,-32.2204],[151.2577,-32.223],[151.2616,-32.2137],[151.2727,-32.2153],[151.275,-32.2204],[151.2985,-32.2236],[151.2832,-32.2449],[151.32,-32.25],[151.3216,-32.2388],[151.3332,-32.2404],[151.3322,-32.2458],[151.3525,-32.2508],[151.3515,-32.256],[151.3686,-32.2583],[151.3652,-32.2651],[151.3661,-32.2731],[151.3618,-32.2731],[151.3747,-32.2749],[151.3814,-32.2821],[151.3928,-32.2827],[151.3921,-32.2863],[151.3962,-32.287],[151.3987,-32.2836],[151.4019,-32.2921],[151.4062,-32.2918],[151.4118,-32.2961],[151.4116,-32.2997],[151.4158,-32.2976],[151.4309,-32.3112],[151.4261,-32.3137],[151.4357,-32.3114],[151.4378,-32.3179],[151.4454,-32.3236],[151.4528,-32.3247],[151.4507,-32.3262],[151.4563,-32.3316],[151.4596,-32.3328],[151.4608,-32.3297],[151.4636,-32.3449],[151.468,-32.3481],[151.467,-32.3544],[151.4742,-32.3603],[151.4697,-32.3603],[151.4689,-32.364],[151.472,-32.3645],[151.4726,-32.3685],[151.4692,-32.3723],[151.4739,-32.3723],[151.4706,-32.3727],[151.4692,-32.3789],[151.4885,-32.3819],[151.4792,-32.3918],[151.4946,-32.3996],[151.4935,-32.4082],[151.5001,-32.4112],[151.501,-32.4143],[151.4986,-32.4129],[151.4978,-32.4131],[151.4978,-32.4133],[151.5037,-32.4174],[151.4977,-32.4242],[151.5068,-32.4267],[151.5051,-32.4353],[151.5105,-32.4332],[151.5177,-32.4357],[151.5193,-32.4413],[151.5267,-32.4397],[151.5234,-32.445],[151.5313,-32.4515],[151.5424,-32.4504],[151.5463,-32.4553],[151.5425,-32.4613],[151.5458,-32.4661],[151.5519,-32.469],[151.5527,-32.4748],[151.5583,-32.4757],[151.5643,-32.4877],[151.5735,-32.4856],[151.5738,-32.4937],[151.5805,-32.4902],[151.5824,-32.4936],[151.5788,-32.4947],[151.5867,-32.496],[151.5847,-32.4993],[151.6141,-32.5047],[151.6126,-32.5119],[151.629,-32.5143],[151.6272,-32.525],[151.6304,-32.5252],[151.6345,-32.5171],[151.6365,-32.5154],[151.6316,-32.5243],[151.6269,-32.5285],[151.6338,-32.5267],[151.6335,-32.5295],[151.6436,-32.5311],[151.6437,-32.5415],[151.6491,-32.5423],[151.6436,-32.5502],[151.6577,-32.5559],[151.6567,-32.5633],[151.6609,-32.5638],[151.6586,-32.5668],[151.6711,-32.5735],[151.6682,-32.5915],[151.666,-32.5911],[151.6745,-32.5987],[151.6724,-32.6006],[151.6744,-32.6054],[151.6692,-32.6101],[151.6801,-32.6117],[151.6833,-32.6052],[151.6994,-32.6059],[151.7002,-32.6014],[151.6957,-32.6007],[151.6983,-32.596],[151.7179,-32.6003],[151.7169,-32.6058],[151.7201,-32.6006],[151.7193,-32.6033],[151.7243,-32.6048],[151.7209,-32.6079],[151.7277,-32.6052],[151.7285,-32.6058],[151.7308,-32.6047],[151.7328,-32.605],[151.7373,-32.6104],[151.7397,-32.6033],[151.7446,-32.604],[151.7421,-32.6102],[151.7499,-32.6163],[151.7523,-32.6155],[151.751,-32.6144],[151.7505,-32.6133],[151.7524,-32.6116],[151.7526,-32.6153],[151.7659,-32.6143],[151.767,-32.6183],[151.7669,-32.6141],[151.7693,-32.6205],[151.7788,-32.6209],[151.7677,-32.6212],[151.7766,-32.623],[151.7709,-32.6268],[151.7729,-32.6302],[151.7822,-32.6314],[151.781,-32.6382],[151.79,-32.6375],[151.7874,-32.6507],[151.7912,-32.65],[151.8007,-32.6686],[151.8125,-32.6797],[151.8248,-32.6807],[151.8229,-32.6884],[151.827,-32.6892],[151.8319,-32.6972],[151.8296,-32.7007],[151.8353,-32.7053],[151.8356,-32.7157],[151.8446,-32.7171],[151.8434,-32.7232],[151.8504,-32.7241],[151.8728,-32.7381],[151.877,-32.7448],[151.8762,-32.7493],[151.8805,-32.75],[151.8812,-32.7622],[151.8857,-32.7629],[151.8759,-32.7689],[151.8813,-32.7677],[151.879,-32.7896],[151.882,-32.79],[151.8783,-32.806],[151.8839,-32.8068],[151.8748,-32.8156],[151.8782,-32.8161],[151.8774,-32.8201],[151.8818,-32.8207],[151.8678,-32.8292],[151.8776,-32.8375],[151.8754,-32.8371],[151.8739,-32.8436],[151.8236,-32.8698],[151.8005,-32.8861],[151.7913,-32.8985],[151.7886,-32.9092],[151.7922,-32.9145],[151.7989,-32.9128],[151.8039,-32.9158],[151.7932,-32.9231],[151.7917,-32.9301],[151.7874,-32.93],[151.7795,-32.9372],[151.7597,-32.9467],[151.74,-32.962],[151.7373,-32.9698],[151.7279,-32.9779],[151.7322,-32.9893],[151.7283,-33.0112],[151.6855,-33.0371],[151.6644,-33.0583],[151.6577,-33.0755],[151.6656,-33.0895],[151.6474,-33.1117],[151.6472,-33.1286],[151.643,-33.1305],[151.6446,-33.1373],[151.6302,-33.1546],[151.6302,-33.1585],[151.6347,-33.1595],[151.6369,-33.1646],[151.6321,-33.1666],[151.6322,-33.1707],[151.6388,-33.1759],[151.6303,-33.1775],[151.6291,-33.1872],[151.6239,-33.1863],[151.6222,-33.1887],[151.6226,-33.1954],[151.6257,-33.1979],[151.6205,-33.198],[151.5997,-33.2108],[151.575,-33.2337],[151.5647,-33.2469],[151.562,-33.2606],[151.5613,-33.2537],[151.5669,-33.2412],[151.548,-33.2333],[151.5343,-33.2392],[151.5285,-33.2319],[151.53,-33.2278],[151.5263,-33.2201],[151.5142,-33.2208],[151.5046,-33.2169],[151.4798,-33.2188],[151.482,-33.2147],[151.4742,-33.2136],[151.4627,-33.2215],[151.4635,-33.2177],[151.4202,-33.2108],[151.4209,-33.2073],[151.4133,-33.2055],[151.4143,-33.2006],[151.4168,-33.2009],[151.4099,-33.1998],[151.4112,-33.1929],[151.4011,-33.1938],[151.4069,-33.1869],[151.4024,-33.1863],[151.4031,-33.1824],[151.4066,-33.1827],[151.4024,-33.1761],[151.4024,-33.1638],[151.4003,-33.1643],[151.4053,-33.1604],[151.3989,-33.1595],[151.3978,-33.1555],[151.4079,-33.157],[151.4086,-33.1543],[151.403,-33.1525],[151.4036,-33.1494],[151.3959,-33.1482],[151.3905,-33.1298],[151.4236,-33.1304],[151.4263,-33.1273],[151.4179,-33.1259],[151.4156,-33.1187],[151.4068,-33.1164],[151.4079,-33.1111],[151.4012,-33.1059],[151.3979,-33.0947],[151.3978,-33.0826],[151.3843,-33.0797],[151.3864,-33.0696],[151.3841,-33.0663],[151.3653,-33.0641],[151.3572,-33.051],[151.32,-33.0242],[151.2985,-33.0118],[151.2813,-33.0143],[151.2841,-32.9994],[151.2586,-32.9947],[151.256,-32.9908],[151.2585,-32.9781],[151.2534,-32.9775],[151.254,-32.9738],[151.2443,-32.9728],[151.2428,-32.9696],[151.2487,-32.9374],[151.2388,-32.9366],[151.2404,-32.926],[151.2349,-32.9252],[151.2391,-32.9186],[151.2279,-32.9091],[151.2299,-32.8989],[151.2256,-32.8982],[151.2266,-32.8927],[151.2094,-32.8859],[151.2106,-32.8799],[151.1938,-32.8698],[151.1864,-32.8516],[151.1646,-32.8398],[151.1589,-32.83],[151.153,-32.8269],[151.1503,-32.813],[151.1541,-32.7932],[151.1507,-32.7946],[151.1482,-32.7891],[151.138,-32.7878],[151.1386,-32.7741],[151.1259,-32.77],[151.1285,-32.7554],[151.1235,-32.7548],[151.124,-32.7452],[151.1188,-32.745],[151.1124,-32.7384],[151.1147,-32.7267],[151.0901,-32.7265],[151.0824,-32.7193],[151.0523,-32.6423],[151.047,-32.6415],[151.0213,-32.6509],[151.0148,-32.6411],[151.0151,-32.6226],[151.0095,-32.6155],[151.0068,-32.6169],[150.9935,-32.6102],[150.9867,-32.6166],[150.9803,-32.6093],[150.9641,-32.601],[150.9666,-32.5868],[150.9477,-32.5836],[150.9364,-32.5867],[150.9359,-32.5824],[150.9445,-32.5785],[150.9365,-32.5746],[150.9305,-32.578],[150.925,-32.5733],[150.9263,-32.566],[150.9179,-32.5648],[150.9193,-32.5576],[150.9278,-32.5588],[150.9317,-32.5378],[150.9274,-32.5371],[150.9281,-32.5335],[150.9347,-32.5344],[150.9374,-32.5165],[150.9444,-32.5159],[150.9513,-32.4818],[150.9392,-32.4817],[150.9346,-32.4758],[150.9335,-32.4811],[150.9338,-32.4788],[150.9164,-32.4763],[150.9144,-32.4865],[150.9085,-32.4856],[150.897,-32.4707],[150.8814,-32.4691],[150.8523,-32.4489],[150.85,-32.4528],[150.8381,-32.4498],[150.8353,-32.4479],[150.8336,-32.4432],[150.8327,-32.4421],[150.832,-32.4415],[150.8062,-32.4332],[150.792,-32.4356],[150.7759,-32.4298],[150.7655,-32.4298],[150.7511,-32.416],[150.7445,-32.4145],[150.7403,-32.4076],[150.7192,-32.4041],[150.6965,-32.3926],[150.6973,-32.3891],[150.6905,-32.3884],[150.6929,-32.372],[150.6362,-32.3314],[150.6225,-32.3307],[150.6177,-32.3145],[150.6097,-32.3124],[150.6104,-32.309],[150.6192,-32.3104],[150.6222,-32.2992],[150.6324,-32.3036],[150.6462,-32.2853],[150.6374,-32.2841],[150.6379,-32.281],[150.633,-32.2803],[150.6336,-32.2777],[150.6216,-32.2766],[150.6231,-32.2694],[150.6139,-32.2681],[150.615,-32.2624],[150.606,-32.2626],[150.61,-32.2511],[150.6075,-32.2507],[150.6082,-32.2472],[150.6124,-32.2478],[150.6118,-32.2509],[150.618,-32.2507],[150.6101,-32.242],[150.6066,-32.242],[150.608,-32.237],[150.6191,-32.2402],[150.62,-32.2351],[150.6114,-32.2333],[150.6127,-32.227],[150.617,-32.2291],[150.6189,-32.2192],[150.606,-32.22],[150.6036,-32.2171],[150.6099,-32.2145],[150.6101,-32.2108],[150.6147,-32.2115],[150.6158,-32.2059],[150.6269,-32.2084],[150.6263,-32.1974],[150.6331,-32.1949],[150.6285,-32.193],[150.6322,-32.1801],[150.6297,-32.1797],[150.6303,-32.1761],[150.6599,-32.1806],[150.6631,-32.1779],[150.6626,-32.1724],[150.6522,-32.1677],[150.6586,-32.166],[150.6566,-32.1607],[150.6595,-32.1572],[150.6566,-32.1455],[150.6602,-32.1398],[150.6556,-32.1318],[150.6576,-32.1294],[150.667,-32.1307],[150.6718,-32.125],[150.6685,-32.1242],[150.67,-32.122],[150.6642,-32.1219],[150.6644,-32.1175],[150.6711,-32.1185],[150.6701,-32.1127],[150.6621,-32.1117],[150.6654,-32.1103],[150.6642,-32.1072],[150.6712,-32.1108],[150.6695,-32.1068],[150.6741,-32.1059],[150.6682,-32.1018],[150.663,-32.1023],[150.6617,-32.0943],[150.6659,-32.093],[150.6681,-32.0844],[150.676,-32.0782],[150.6753,-32.0672],[150.6714,-32.0665],[150.6765,-32.065],[150.6768,-32.0606],[150.6696,-32.0457],[150.6776,-32.0537],[150.6773,-32.0573],[150.6778,-32.0537],[150.7076,-32.045],[150.717,-32.0265],[150.7292,-32.0235],[150.7399,-32.0306],[150.7479,-32.0305],[150.747,-32.0343],[150.7573,-32.0357],[150.7597,-32.043],[150.7701,-32.0473],[150.7708,-32.0525],[150.7867,-32.0559],[150.786,-32.0594],[150.8056,-32.0625],[150.8053,-32.0657],[150.8168,-32.0665],[150.8192,-32.0752],[150.8244,-32.0767],[150.8278,-32.0873],[150.8444,-32.0893],[150.8419,-32.0794],[150.8446,-32.0893],[150.8543,-32.0908],[150.8551,-32.0873],[150.8671,-32.0874],[150.8686,-32.0837],[150.8871,-32.0862],[150.8895,-32.0738],[150.8933,-32.0775],[150.9034,-32.0768],[150.9035,-32.0803],[150.9061,-32.0757],[150.9162,-32.0744],[150.9351,-32.0626],[150.9373,-32.0488],[150.954,-32.0406],[150.963,-32.0511],[150.9651,-32.0413],[150.9863,-32.0441],[150.9912,-32.0373],[150.9882,-32.0355],[150.9958,-32.0367],[150.9946,-32.042],[150.997,-32.0423],[151.0047,-32.0384],[151.0075,-32.0322],[151.013,-32.0324],[151.0183,-32.0272],[151.0228,-32.0296],[151.0307,-32.022],[151.0442,-32.0196],[151.052,-32.0126],[151.0605,-32.0147],[151.0653,-32.0106],[151.0758,-32.0087]],[[151.4074,-32.2941],[151.4085,-32.2949],[151.4083,-32.2946],[151.4074,-32.2941]],[[151.8813,-32.763],[151.8813,-32.7641],[151.8816,-32.7636],[151.8813,-32.763]],[[151.194,-32.8679],[151.1941,-32.8679],[151.194,-32.8678],[151.194,-32.8679]],[[151.7336,-32.6068],[151.7307,-32.605],[151.7292,-32.6058],[151.7336,-32.6068]]]},"properties":{"code":"N9","name":"Hunter-Central Coast","state":"NSW","status":"Declared","status_colour":"#3fb950","declaration":"Declared 9 Dec 2022. 1,000 MW intended network capacity. Infrastructure planner: EnergyCo.","network_projects":"Hunter-Central Coast REZ Network Infrastructure Project - Committed, Jul 2028 | Sydney Ring North (Hunter Transmission Project) - Actionable, Nov 2029","note":"","boundary_source":"EnergyCo declared boundary","source":"2026 ISP Appendix A3 (June 2026) REZ list"}},{"type":"Feature","geometry":{"type":"Polygon","coordinates":[[[150.6939,-34.6033],[150.6794,-34.6003],[150.6648,-34.5871],[150.6684,-34.5792],[150.6861,-34.57],[150.687,-34.563],[150.6781,-34.5614],[150.6855,-34.5494],[150.6799,-34.5464],[150.6913,-34.5356],[150.7104,-34.5294],[150.707,-34.5166],[150.7089,-34.5011],[150.7197,-34.4983],[150.7205,-34.495],[150.7285,-34.4956],[150.7314,-34.483],[150.7403,-34.4797],[150.7417,-34.4697],[150.7473,-34.4701],[150.7506,-34.4556],[150.7548,-34.4563],[150.759,-34.446],[150.7647,-34.4487],[150.7684,-34.4461],[150.7834,-34.4482],[150.7867,-34.4449],[150.7861,-34.4475],[150.7834,-34.4486],[150.7815,-34.4484],[150.7834,-34.4487],[150.7839,-34.4486],[150.7827,-34.4538],[150.8027,-34.4568],[150.8077,-34.4485],[150.8133,-34.4494],[150.8158,-34.4385],[150.8203,-34.4393],[150.8213,-34.4344],[150.8171,-34.433],[150.8206,-34.4173],[150.8242,-34.4179],[150.8285,-34.4109],[150.8592,-34.415],[150.8642,-34.4137],[150.8689,-34.401],[150.8906,-34.4031],[150.892,-34.4082],[150.8949,-34.4052],[150.9018,-34.4102],[150.9041,-34.4214],[150.9094,-34.4215],[150.8976,-34.4372],[150.8966,-34.4423],[150.9005,-34.4425],[150.9012,-34.4626],[150.9135,-34.4648],[150.9123,-34.4757],[150.9154,-34.4871],[150.9133,-34.4907],[150.9222,-34.4939],[150.9089,-34.4924],[150.888,-34.5104],[150.8722,-34.5412],[150.8685,-34.5572],[150.8692,-34.561],[150.8743,-34.5622],[150.8679,-34.5694],[150.8705,-34.5775],[150.875,-34.5805],[150.8723,-34.5824],[150.8777,-34.5918],[150.8833,-34.5943],[150.9025,-34.5934],[150.9041,-34.5971],[150.8994,-34.5974],[150.9026,-34.5987],[150.8948,-34.601],[150.8872,-34.5982],[150.8875,-34.6025],[150.8808,-34.6043],[150.8848,-34.6053],[150.8854,-34.6063],[150.876,-34.6079],[150.8711,-34.6033],[150.8658,-34.6043],[150.8648,-34.6101],[150.8543,-34.617],[150.8596,-34.6272],[150.8528,-34.6161],[150.8486,-34.6124],[150.8427,-34.6146],[150.839,-34.6086],[150.8366,-34.6151],[150.849,-34.6274],[150.8478,-34.6348],[150.8435,-34.6359],[150.8462,-34.6316],[150.8441,-34.6308],[150.8347,-34.6335],[150.832,-34.6391],[150.8275,-34.6374],[150.8196,-34.6403],[150.8152,-34.6368],[150.8137,-34.6415],[150.8035,-34.6432],[150.8002,-34.643],[150.7969,-34.6413],[150.7993,-34.6296],[150.793,-34.6286],[150.7959,-34.6146],[150.7881,-34.6135],[150.7902,-34.6023],[150.7684,-34.5986],[150.7666,-34.6068],[150.76,-34.6059],[150.7581,-34.613],[150.7004,-34.605],[150.6985,-34.6007],[150.6939,-34.6033]],[[150.9019,-34.4164],[150.9013,-34.416],[150.9017,-34.4168],[150.9019,-34.4164]],[[150.7828,-34.4538],[150.7827,-34.4538],[150.7827,-34.4538],[150.7828,-34.4538]]]},"properties":{"code":"N12","name":"Illawarra","state":"NSW","status":"Declared","status_colour":"#3fb950","declaration":"Declared 27 Feb 2023. 1,000 MW intended network capacity. Infrastructure planner: EnergyCo.","network_projects":"Sydney Ring South - 500 kV option - Actionable, Jul 2033","note":"","boundary_source":"EnergyCo declared boundary","source":"2026 ISP Appendix A3 (June 2026) REZ list"}},{"type":"Feature","geometry":{"type":"MultiPolygon","coordinates":[[[[152.0282,-29.4257],[152.027,-29.4324],[152.0517,-29.4354],[152.0544,-29.4382],[152.0531,-29.4566],[152.1059,-29.4642],[152.1021,-29.4862],[152.1126,-29.4892],[152.1254,-29.4844],[152.1324,-29.4905],[152.1466,-29.4888],[152.1378,-29.536],[152.1332,-29.5385],[152.1312,-29.5474],[152.1326,-29.5516],[152.1386,-29.5478],[152.1419,-29.5476],[152.1436,-29.5491],[152.1375,-29.5487],[152.1331,-29.5537],[152.1455,-29.5681],[152.1333,-29.5752],[152.1358,-29.5792],[152.1328,-29.5781],[152.1317,-29.5843],[152.1442,-29.586],[152.14,-29.5983],[152.1335,-29.6029],[152.1323,-29.6097],[152.1239,-29.6085],[152.1198,-29.6302],[152.1086,-29.6271],[152.1065,-29.6323],[152.0939,-29.6354],[152.1072,-29.6344],[152.1027,-29.6577],[152.0703,-29.653],[152.0593,-29.658],[152.0525,-29.6561],[152.0549,-29.662],[152.0605,-29.6633],[152.0631,-29.6685],[152.0745,-29.6655],[152.0716,-29.669],[152.0736,-29.671],[152.0793,-29.6713],[152.0822,-29.672],[152.0854,-29.6746],[152.0884,-29.6736],[152.1007,-29.6817],[152.0921,-29.68],[152.0793,-29.6716],[152.0786,-29.6747],[152.0756,-29.6723],[152.074,-29.6727],[152.0728,-29.6745],[152.0728,-29.6734],[152.071,-29.6726],[152.0727,-29.671],[152.0721,-29.67],[152.0711,-29.6695],[152.0708,-29.6728],[152.0726,-29.6745],[152.0733,-29.6745],[152.074,-29.6728],[152.0756,-29.6725],[152.0775,-29.6749],[152.0724,-29.6749],[152.0689,-29.6719],[152.0677,-29.6792],[152.063,-29.6796],[152.0633,-29.682],[152.0429,-29.6779],[152.0457,-29.6866],[152.0356,-29.6834],[152.0373,-29.6862],[152.0335,-29.696],[152.0238,-29.7017],[152.0179,-29.7018],[152.0125,-29.6976],[152.0094,-29.7144],[152.0263,-29.7167],[152.0242,-29.7269],[152.0176,-29.7297],[152.0247,-29.7288],[152.0315,-29.7329],[152.0332,-29.7379],[152.0395,-29.7362],[152.0355,-29.75],[152.0379,-29.7543],[152.032,-29.758],[152.0471,-29.76],[152.0455,-29.769],[152.0392,-29.7681],[152.0379,-29.7753],[152.0318,-29.7745],[152.0302,-29.7836],[152.0243,-29.7827],[152.0234,-29.7882],[152.0164,-29.7872],[152.0112,-29.8084],[152.0159,-29.8091],[152.0128,-29.8267],[152.0169,-29.8273],[152.0164,-29.8296],[152.01,-29.8287],[152.0089,-29.8344],[152.0135,-29.835],[152.0102,-29.8529],[152.0261,-29.855],[152.0352,-29.8472],[152.0398,-29.8487],[152.0415,-29.8464],[152.0642,-29.8558],[152.0603,-29.8616],[152.0622,-29.8654],[152.052,-29.9118],[152.0591,-29.9128],[152.0561,-29.9281],[152.0742,-29.9307],[152.0707,-29.949],[152.0859,-29.9621],[152.0741,-29.9632],[152.0676,-29.9675],[152.0657,-29.9773],[152.0605,-29.9766],[152.0651,-29.9852],[152.0682,-29.9856],[152.0663,-29.9978],[152.0626,-30.0019],[152.0639,-30.0109],[152.067,-30.0145],[152.0737,-30.0126],[152.0715,-30.03],[152.0741,-30.0411],[152.0934,-30.0452],[152.0937,-30.0634],[152.1013,-30.0638],[152.1041,-30.0669],[152.1047,-30.0615],[152.1026,-30.0621],[152.1045,-30.0565],[152.107,-30.0568],[152.1328,-30.07],[152.1282,-30.0821],[152.1213,-30.081],[152.1144,-30.1101],[152.118,-30.115],[152.118,-30.1223],[152.1349,-30.1243],[152.1337,-30.1313],[152.1275,-30.1364],[152.1264,-30.1453],[152.1299,-30.1484],[152.1228,-30.1557],[152.1076,-30.1539],[152.1009,-30.1475],[152.0966,-30.1475],[152.0943,-30.1581],[152.0844,-30.1619],[152.1059,-30.1661],[152.1115,-30.1647],[152.116,-30.166],[152.1159,-30.1689],[152.1223,-30.1679],[152.1304,-30.1718],[152.137,-30.1716],[152.1451,-30.1644],[152.1477,-30.1766],[152.1563,-30.184],[152.1531,-30.1908],[152.1576,-30.1914],[152.1569,-30.1955],[152.1605,-30.196],[152.1598,-30.2118],[152.1819,-30.2175],[152.1742,-30.2246],[152.1739,-30.233],[152.1666,-30.2332],[152.1664,-30.2388],[152.1719,-30.2465],[152.1809,-30.2465],[152.1819,-30.2499],[152.1783,-30.2526],[152.1961,-30.2564],[152.1932,-30.2716],[152.2059,-30.2734],[152.204,-30.2849],[152.2192,-30.2908],[152.2087,-30.2952],[152.2246,-30.2975],[152.2231,-30.3033],[152.2398,-30.3059],[152.2376,-30.3176],[152.2342,-30.3169],[152.2378,-30.3178],[152.2386,-30.332],[152.2462,-30.333],[152.2441,-30.3449],[152.2547,-30.3463],[152.2514,-30.3619],[152.2635,-30.3635],[152.2628,-30.3717],[152.2557,-30.3707],[152.2576,-30.3779],[152.2521,-30.3762],[152.2487,-30.3945],[152.2229,-30.4108],[152.2155,-30.3946],[152.2063,-30.39],[152.2065,-30.3926],[152.1904,-30.3905],[152.1895,-30.3955],[152.1857,-30.395],[152.1835,-30.4075],[152.181,-30.4071],[152.1801,-30.4122],[152.1737,-30.4125],[152.1691,-30.4218],[152.1725,-30.424],[152.17,-30.451],[152.1607,-30.4591],[152.1588,-30.4702],[152.151,-30.469],[152.1493,-30.4721],[152.1638,-30.4753],[152.162,-30.4911],[152.1824,-30.4949],[152.1947,-30.482],[152.1997,-30.4708],[152.1962,-30.4579],[152.2484,-30.4651],[152.2457,-30.4885],[152.2614,-30.4972],[152.2738,-30.4913],[152.2674,-30.5004],[152.2629,-30.4998],[152.2629,-30.5028],[152.2768,-30.5105],[152.2737,-30.5151],[152.2772,-30.52],[152.29,-30.5217],[152.2834,-30.53],[152.2697,-30.5384],[152.2688,-30.5512],[152.2732,-30.5532],[152.2725,-30.5566],[152.2654,-30.5591],[152.2621,-30.5786],[152.2734,-30.5925],[152.2915,-30.5953],[152.2858,-30.6073],[152.2898,-30.6141],[152.2859,-30.6158],[152.2739,-30.612],[152.2646,-30.6241],[152.2633,-30.631],[152.2472,-30.6398],[152.2469,-30.656],[152.2407,-30.6704],[152.2326,-30.6783],[152.2323,-30.6843],[152.2501,-30.6868],[152.2459,-30.6959],[152.2488,-30.6965],[152.2528,-30.708],[152.2483,-30.7099],[152.2514,-30.7123],[152.2465,-30.7227],[152.25,-30.7287],[152.2566,-30.729],[152.2583,-30.7339],[152.2373,-30.7509],[152.2368,-30.7574],[152.2288,-30.7591],[152.2221,-30.7863],[152.2162,-30.7857],[152.2048,-30.7908],[152.2078,-30.7893],[152.2097,-30.7856],[152.2086,-30.7829],[152.2076,-30.7892],[152.204,-30.791],[152.2028,-30.7926],[152.2011,-30.8028],[152.19,-30.8193],[152.1856,-30.8186],[152.1868,-30.8142],[152.1866,-30.812],[152.1854,-30.8186],[152.1755,-30.82],[152.1616,-30.8126],[152.1597,-30.8153],[152.1484,-30.8155],[152.1416,-30.8111],[152.144,-30.8066],[152.1517,-30.8062],[152.1595,-30.7881],[152.1765,-30.7771],[152.1872,-30.7628],[152.1764,-30.7612],[152.1812,-30.737],[152.1659,-30.7379],[152.1725,-30.7239],[152.1913,-30.7217],[152.2012,-30.7029],[152.1981,-30.6494],[152.1922,-30.6248],[152.1817,-30.6025],[152.1731,-30.5989],[152.1682,-30.5907],[152.1643,-30.5898],[152.1652,-30.5876],[152.1464,-30.5789],[152.148,-30.5766],[152.1478,-30.576],[152.1462,-30.5789],[152.1331,-30.5744],[152.1307,-30.5762],[152.1194,-30.5751],[152.1146,-30.5715],[152.1011,-30.5716],[152.0891,-30.5625],[152.0745,-30.5595],[152.0721,-30.5398],[152.0512,-30.537],[152.052,-30.5325],[152.0303,-30.5288],[152.0301,-30.5264],[152.0298,-30.5285],[152.0245,-30.5258],[152.0242,-30.5224],[152.0205,-30.5239],[152.0154,-30.5345],[152.0082,-30.5338],[152.0032,-30.5386],[152.0086,-30.543],[152.0062,-30.5601],[152.0084,-30.5637],[152.0168,-30.5637],[152.0018,-30.5805],[152.0149,-30.5897],[152.0346,-30.5911],[152.0349,-30.597],[152.0096,-30.614],[152.0106,-30.6186],[152.0065,-30.6223],[151.9967,-30.6201],[151.993,-30.6145],[151.9866,-30.616],[151.9736,-30.6065],[151.9716,-30.6201],[151.9622,-30.6162],[151.9498,-30.6227],[151.9526,-30.633],[151.9504,-30.6402],[151.9547,-30.645],[151.9487,-30.6518],[151.9346,-30.6537],[151.9367,-30.6488],[151.9314,-30.6496],[151.9269,-30.6443],[151.9298,-30.6336],[151.9195,-30.6367],[151.9166,-30.6331],[151.9185,-30.6304],[151.9145,-30.6292],[151.9084,-30.6298],[151.9025,-30.641],[151.8974,-30.6443],[151.8868,-30.6392],[151.8862,-30.6447],[151.8799,-30.6432],[151.8741,-30.6574],[151.8673,-30.6526],[151.858,-30.6547],[151.8605,-30.6229],[151.8509,-30.6241],[151.8485,-30.6143],[151.8433,-30.6267],[151.8292,-30.6309],[151.8221,-30.6252],[151.819,-30.6023],[151.8047,-30.5985],[151.7994,-30.6003],[151.7978,-30.5953],[151.7973,-30.6047],[151.8116,-30.6078],[151.8095,-30.6188],[151.8128,-30.6213],[151.8083,-30.6344],[151.8156,-30.64],[151.8041,-30.6535],[151.806,-30.6574],[151.8198,-30.6575],[151.8195,-30.6603],[151.825,-30.663],[151.8185,-30.671],[151.8078,-30.6683],[151.7999,-30.6731],[151.7959,-30.6713],[151.7766,-30.6777],[151.7758,-30.671],[151.7799,-30.6638],[151.7697,-30.6703],[151.7488,-30.6668],[151.7241,-30.6717],[151.7274,-30.6797],[151.735,-30.6791],[151.7302,-30.6967],[151.7335,-30.6961],[151.7297,-30.7166],[151.7368,-30.7175],[151.7358,-30.7231],[151.7426,-30.7305],[151.7375,-30.7575],[151.7511,-30.7593],[151.7473,-30.7802],[151.7624,-30.7783],[151.7614,-30.8022],[151.7676,-30.8026],[151.7658,-30.8125],[151.7799,-30.8144],[151.7794,-30.8257],[151.8013,-30.8292],[151.7991,-30.8391],[151.8343,-30.8449],[151.8356,-30.8498],[151.8381,-30.8494],[151.8366,-30.8577],[151.8382,-30.8556],[151.8585,-30.864],[151.8709,-30.8654],[151.8636,-30.9029],[151.8609,-30.9025],[151.859,-30.9114],[151.8334,-30.9078],[151.8216,-30.9571],[151.8273,-30.9579],[151.8282,-30.9682],[151.8342,-30.9752],[151.8536,-30.9742],[151.8623,-30.9809],[151.8631,-30.9764],[151.8716,-30.9776],[151.87,-30.9862],[151.8778,-30.9873],[151.8797,-30.9787],[151.9078,-30.9796],[151.9086,-30.9749],[151.9122,-30.9754],[151.9103,-30.9857],[151.9214,-30.9847],[151.9209,-30.9887],[151.9375,-30.991],[151.936,-30.9995],[151.9429,-31.0004],[151.9427,-31.0047],[151.947,-31.0066],[151.9419,-31.0112],[151.9462,-31.0168],[151.9398,-31.0212],[151.9408,-31.0262],[151.9316,-31.028],[151.9324,-31.0317],[151.9383,-31.0324],[151.9307,-31.0384],[151.9333,-31.0422],[151.929,-31.0434],[151.9271,-31.0541],[151.9363,-31.0553],[151.9347,-31.0639],[151.9428,-31.0652],[151.9397,-31.0824],[151.9272,-31.0807],[151.9251,-31.092],[151.9121,-31.0841],[151.907,-31.0872],[151.9007,-31.0832],[151.8871,-31.085],[151.8749,-31.0823],[151.8757,-31.0781],[151.8657,-31.0767],[151.857,-31.0706],[151.8532,-31.0723],[151.8539,-31.0682],[151.8431,-31.0709],[151.8439,-31.0646],[151.8412,-31.0624],[151.8439,-31.0481],[151.8316,-31.0464],[151.8328,-31.044],[151.8326,-31.0439],[151.8272,-31.0458],[151.8259,-31.0529],[151.8145,-31.0513],[151.8159,-31.0441],[151.8058,-31.0427],[151.8063,-31.0579],[151.8004,-31.065],[151.791,-31.0694],[151.7786,-31.0573],[151.7718,-31.0596],[151.7677,-31.0568],[151.7673,-31.0535],[151.7719,-31.0531],[151.772,-31.0481],[151.7676,-31.045],[151.7595,-31.0425],[151.7547,-31.0499],[151.7703,-31.0641],[151.7759,-31.0627],[151.781,-31.0753],[151.7851,-31.0726],[151.7937,-31.0766],[151.8092,-31.0679],[151.8105,-31.0754],[151.8145,-31.0761],[151.8176,-31.072],[151.8241,-31.0821],[151.8306,-31.081],[151.8424,-31.0861],[151.8447,-31.0921],[151.8515,-31.0872],[151.8543,-31.0995],[151.8644,-31.0998],[151.868,-31.1047],[151.8774,-31.1004],[151.8885,-31.1056],[151.8944,-31.1048],[151.8942,-31.1168],[151.885,-31.1191],[151.8812,-31.1329],[151.864,-31.1406],[151.853,-31.1545],[151.8504,-31.1541],[151.8494,-31.1602],[151.8565,-31.1625],[151.8575,-31.1748],[151.86,-31.1783],[151.8646,-31.1771],[151.8639,-31.1807],[151.9037,-31.1847],[151.8993,-31.2072],[151.8936,-31.2034],[151.8889,-31.2069],[151.885,-31.2215],[151.8768,-31.2301],[151.8748,-31.2406],[151.8677,-31.2524],[151.8605,-31.2569],[151.8577,-31.2705],[151.8381,-31.2699],[151.8177,-31.2831],[151.8198,-31.2834],[151.8117,-31.3001],[151.8103,-31.3106],[151.7735,-31.3232],[151.7537,-31.3459],[151.7458,-31.3436],[151.7413,-31.3352],[151.7326,-31.3325],[151.7282,-31.3377],[151.7222,-31.3365],[151.7041,-31.3423],[151.6964,-31.3399],[151.6981,-31.3424],[151.6919,-31.3449],[151.6968,-31.3509],[151.692,-31.3682],[151.6927,-31.382],[151.6839,-31.3808],[151.6832,-31.3843],[151.679,-31.3837],[151.6776,-31.3912],[151.6677,-31.3897],[151.6682,-31.3962],[151.6583,-31.3948],[151.6554,-31.4104],[151.6493,-31.4096],[151.6471,-31.4214],[151.6303,-31.4291],[151.6291,-31.4359],[151.6224,-31.4349],[151.6237,-31.4448],[151.6155,-31.4457],[151.6108,-31.4584],[151.6018,-31.4588],[151.6046,-31.4709],[151.6216,-31.4761],[151.6182,-31.4953],[151.5969,-31.4925],[151.5963,-31.5006],[151.5811,-31.5],[151.5742,-31.5084],[151.5644,-31.5039],[151.5663,-31.4985],[151.5609,-31.4938],[151.5519,-31.4932],[151.5449,-31.4859],[151.5375,-31.4878],[151.5342,-31.4845],[151.5257,-31.4855],[151.5164,-31.4695],[151.4826,-31.4624],[151.4798,-31.4781],[151.4712,-31.477],[151.4692,-31.4795],[151.4741,-31.4857],[151.4305,-31.4791],[151.4299,-31.4825],[151.4212,-31.4814],[151.4205,-31.477],[151.4208,-31.4813],[151.409,-31.4797],[151.4073,-31.471],[151.3891,-31.4699],[151.3931,-31.4625],[151.4077,-31.4516],[151.4076,-31.4469],[151.4149,-31.4359],[151.4095,-31.4369],[151.4098,-31.4398],[151.4062,-31.4471],[151.4029,-31.4505],[151.3998,-31.4519],[151.3954,-31.4564],[151.3905,-31.4595],[151.387,-31.4646],[151.3904,-31.4594],[151.3997,-31.4518],[151.4024,-31.4506],[151.406,-31.447],[151.4091,-31.4371],[151.4095,-31.4365],[151.4116,-31.4355],[151.4108,-31.4332],[151.4144,-31.4275],[151.4022,-31.4259],[151.4033,-31.4201],[151.375,-31.4161],[151.3687,-31.4426],[151.3546,-31.4406],[151.3574,-31.4244],[151.3223,-31.4194],[151.345,-31.4206],[151.3459,-31.4159],[151.3313,-31.4114],[151.3364,-31.4073],[151.3335,-31.407],[151.3345,-31.4017],[151.3248,-31.4003],[151.3293,-31.3762],[151.3247,-31.3755],[151.3254,-31.3721],[151.3166,-31.3709],[151.3189,-31.3593],[151.314,-31.3585],[151.3162,-31.3367],[151.325,-31.338],[151.3287,-31.332],[151.3168,-31.3281],[151.3156,-31.3313],[151.2976,-31.3338],[151.3035,-31.3298],[151.3017,-31.3266],[151.307,-31.3239],[151.3088,-31.3262],[151.3113,-31.3215],[151.3106,-31.318],[151.298,-31.3137],[151.3069,-31.3148],[151.3101,-31.3056],[151.3088,-31.2797],[151.3122,-31.2801],[151.3149,-31.2666],[151.3194,-31.26],[151.313,-31.2592],[151.3151,-31.2475],[151.3199,-31.2481],[151.3215,-31.2365],[151.3105,-31.2349],[151.3161,-31.2181],[151.3139,-31.2178],[151.3126,-31.214],[151.3148,-31.2148],[151.3155,-31.2114],[151.3101,-31.2015],[151.3135,-31.2009],[151.3146,-31.1959],[151.3259,-31.1975],[151.3202,-31.1865],[151.2989,-31.1767],[151.302,-31.1686],[151.3148,-31.1705],[151.3116,-31.1658],[151.3134,-31.1588],[151.3086,-31.158],[151.3106,-31.1425],[151.3064,-31.143],[151.3061,-31.1478],[151.301,-31.1486],[151.2922,-31.1462],[151.2937,-31.1413],[151.2861,-31.1401],[151.2833,-31.1351],[151.2955,-31.1364],[151.305,-31.129],[151.3128,-31.1319],[151.3184,-31.1274],[151.3244,-31.1281],[151.3284,-31.1323],[151.3296,-31.122],[151.3205,-31.121],[151.317,-31.1162],[151.3045,-31.1199],[151.3079,-31.1034],[151.3032,-31.1029],[151.3043,-31.0975],[151.2917,-31.0957],[151.2976,-31.0947],[151.298,-31.0922],[151.293,-31.0914],[151.2967,-31.0883],[151.2935,-31.0878],[151.2963,-31.0733],[151.2932,-31.0697],[151.292,-31.0748],[151.2965,-31.0527],[151.2751,-31.0465],[151.2778,-31.033],[151.2718,-31.0302],[151.2705,-31.0189],[151.2794,-31.0093],[151.2703,-31.0155],[151.2673,-31.0127],[151.2698,-30.9994],[151.2579,-30.9978],[151.2568,-31.0037],[151.2535,-31.0014],[151.2568,-30.9827],[151.25,-30.9818],[151.2521,-30.9705],[151.2246,-30.9667],[151.2246,-30.955],[151.2167,-30.9505],[151.2163,-30.9529],[151.2166,-30.9502],[151.2104,-30.9472],[151.1996,-30.9466],[151.2017,-30.935],[151.1914,-30.9337],[151.1998,-30.9041],[151.1894,-30.8998],[151.1886,-30.8826],[151.2041,-30.8806],[151.1907,-30.8812],[151.1921,-30.8735],[151.1846,-30.8717],[151.1906,-30.8726],[151.1947,-30.8685],[151.1847,-30.8671],[151.1856,-30.862],[151.1905,-30.8607],[151.1818,-30.8595],[151.181,-30.8638],[151.1779,-30.8633],[151.1832,-30.8447],[151.1808,-30.8374],[151.1837,-30.839],[151.196,-30.8416],[151.2013,-30.847],[151.1971,-30.8414],[151.1811,-30.8367],[151.1782,-30.8245],[151.1841,-30.8253],[151.1836,-30.8177],[151.1897,-30.8184],[151.1903,-30.8152],[151.1835,-30.8143],[151.1875,-30.8024],[151.1834,-30.8002],[151.1849,-30.7924],[151.1786,-30.7915],[151.1818,-30.7758],[151.1841,-30.7762],[151.1926,-30.713],[151.1955,-30.7134],[151.1878,-30.71],[151.2034,-30.6295],[151.2082,-30.6301],[151.2092,-30.6219],[151.2147,-30.6227],[151.2181,-30.6038],[151.2277,-30.6067],[151.2299,-30.5961],[151.2358,-30.5969],[151.2417,-30.5773],[151.2472,-30.5781],[151.2436,-30.5739],[151.2499,-30.5393],[151.2647,-30.5414],[151.2666,-30.5209],[151.2726,-30.5215],[151.2682,-30.5121],[151.2753,-30.5131],[151.2769,-30.5105],[151.2779,-30.5006],[151.2751,-30.5002],[151.2798,-30.4876],[151.2769,-30.4859],[151.2769,-30.4794],[151.288,-30.4768],[151.2844,-30.4754],[151.2877,-30.4666],[151.2923,-30.4672],[151.2959,-30.4616],[151.2873,-30.4604],[151.2821,-30.452],[151.2844,-30.427],[151.2965,-30.4284],[151.298,-30.4206],[151.2785,-30.418],[151.2816,-30.4024],[151.2897,-30.4038],[151.2824,-30.3864],[151.283,-30.3833],[151.2879,-30.3841],[151.2838,-30.3792],[151.288,-30.3561],[151.2869,-30.3423],[151.2934,-30.3432],[151.2961,-30.3285],[151.287,-30.3272],[151.2899,-30.312],[151.2799,-30.3106],[151.2865,-30.3064],[151.2803,-30.3085],[151.2859,-30.2957],[151.2845,-30.281],[151.2816,-30.2816],[151.2844,-30.2793],[151.2819,-30.2796],[151.2861,-30.2547],[151.2776,-30.2531],[151.2811,-30.243],[151.2791,-30.2335],[151.2843,-30.2193],[151.2813,-30.1957],[151.2781,-30.1934],[151.2794,-30.1806],[151.2886,-30.1774],[151.295,-30.156],[151.3031,-30.1571],[151.3051,-30.1459],[151.3001,-30.1451],[151.2979,-30.14],[151.2921,-30.1373],[151.2935,-30.1297],[151.2795,-30.1277],[151.2784,-30.1337],[151.2577,-30.1307],[151.2596,-30.1101],[151.2617,-30.1104],[151.2642,-30.0978],[151.2687,-30.0986],[151.2702,-30.0912],[151.2647,-30.0904],[151.2643,-30.0691],[151.2585,-30.0683],[151.2614,-30.0538],[151.2545,-30.0486],[151.2557,-30.0421],[151.2448,-30.0407],[151.2474,-30.0267],[151.2451,-30.0264],[151.2411,-30.0401],[151.2448,-30.0138],[151.2367,-30.0126],[151.2393,-29.9984],[151.2346,-29.9904],[151.2304,-29.9894],[151.2321,-29.9793],[151.2347,-29.9761],[151.2377,-29.9774],[151.2337,-29.9736],[151.2428,-29.9773],[151.2334,-29.9729],[151.2343,-29.968],[151.2393,-29.9687],[151.2408,-29.9603],[151.2357,-29.9594],[151.2406,-29.9314],[151.2373,-29.9309],[151.2409,-29.9298],[151.2457,-29.9027],[151.2534,-29.9036],[151.2571,-29.8815],[151.2507,-29.8792],[151.2446,-29.8703],[151.2306,-29.864],[151.2274,-29.8619],[151.2446,-29.8693],[151.2499,-29.8763],[151.2448,-29.8692],[151.2277,-29.8613],[151.2282,-29.8599],[151.2463,-29.8689],[151.2474,-29.8707],[151.2552,-29.8638],[151.2564,-29.8542],[151.2604,-29.8548],[151.2616,-29.8481],[151.2547,-29.8471],[151.2555,-29.8379],[151.2596,-29.8385],[151.2633,-29.8134],[151.2716,-29.8153],[151.2713,-29.8058],[151.2753,-29.8063],[151.2764,-29.7922],[151.274,-29.7919],[151.2801,-29.7924],[151.2814,-29.7854],[151.284,-29.7858],[151.2842,-29.7768],[151.2778,-29.776],[151.2902,-29.7692],[151.294,-29.7582],[151.299,-29.755],[151.2941,-29.7511],[151.2937,-29.7461],[151.3019,-29.7425],[151.3116,-29.7452],[151.3066,-29.7381],[151.3114,-29.744],[151.314,-29.7414],[151.3157,-29.732],[151.3088,-29.7324],[151.3111,-29.7182],[151.3179,-29.7191],[151.3196,-29.7104],[151.3294,-29.7089],[151.3343,-29.6716],[151.3371,-29.6719],[151.34,-29.6554],[151.3514,-29.6443],[151.3554,-29.6349],[151.3623,-29.6357],[151.3641,-29.6168],[151.3865,-29.6154],[151.3888,-29.6009],[151.3968,-29.6018],[151.3966,-29.6061],[151.4019,-29.6095],[151.4035,-29.6007],[151.4109,-29.6017],[151.4043,-29.5764],[151.431,-29.58],[151.4362,-29.5536],[151.45,-29.5559],[151.4598,-29.5538],[151.4641,-29.5519],[151.4662,-29.5453],[151.4881,-29.5483],[151.4833,-29.5372],[151.4959,-29.5389],[151.5015,-29.5454],[151.4958,-29.5358],[151.5029,-29.543],[151.4954,-29.5336],[151.504,-29.533],[151.5062,-29.5183],[151.5098,-29.5177],[151.5078,-29.5159],[151.5359,-29.5167],[151.5429,-29.5132],[151.5462,-29.5071],[151.5428,-29.5071],[151.5425,-29.5027],[151.5526,-29.5072],[151.5576,-29.4984],[151.5645,-29.4994],[151.5646,-29.4913],[151.5676,-29.4916],[151.5691,-29.4828],[151.5758,-29.479],[151.5958,-29.4789],[151.5958,-29.4726],[151.6121,-29.4748],[151.6125,-29.47],[151.6296,-29.4685],[151.6316,-29.4568],[151.6533,-29.4548],[151.6531,-29.4571],[151.6553,-29.445],[151.6655,-29.4411],[151.6685,-29.4416],[151.6685,-29.4453],[151.6702,-29.4428],[151.6683,-29.4409],[151.6659,-29.4409],[151.6701,-29.4394],[151.6739,-29.4454],[151.6771,-29.4412],[151.6812,-29.4418],[151.6808,-29.4453],[151.6848,-29.4349],[151.6908,-29.4358],[151.6916,-29.4311],[151.6999,-29.4307],[151.705,-29.4247],[151.7075,-29.4268],[151.7082,-29.4235],[151.7205,-29.4204],[151.7243,-29.4054],[151.7323,-29.4066],[151.7354,-29.4004],[151.755,-29.4022],[151.7773,-29.3829],[151.8006,-29.3851],[151.808,-29.3764],[151.8162,-29.3775],[151.8183,-29.3653],[151.837,-29.3822],[151.8386,-29.3731],[151.8417,-29.3723],[151.8669,-29.3803],[151.8714,-29.3797],[151.8725,-29.3726],[151.8912,-29.3757],[151.8884,-29.3707],[151.8968,-29.3671],[151.8935,-29.3765],[151.9217,-29.3747],[151.9336,-29.3701],[151.9328,-29.3743],[151.9353,-29.3741],[151.9421,-29.3712],[151.9422,-29.3786],[151.963,-29.3811],[151.9622,-29.3854],[151.9784,-29.39],[151.9735,-29.4186],[152.0282,-29.4257]]],[[[152.1999,-30.7071],[152.2001,-30.7069],[152.2001,-30.7068],[152.1999,-30.7071]]],[[[152.2011,-30.7039],[152.2009,-30.7044],[152.2012,-30.7036],[152.2011,-30.7039]]],[[[151.1923,-30.7096],[151.1922,-30.7112],[151.1925,-30.7096],[151.1923,-30.7096]]],[[[152.1403,-29.5652],[152.141,-29.5661],[152.1411,-29.5653],[152.1403,-29.5652]]],[[[152.1999,-30.7072],[152.2009,-30.7044],[152.2011,-30.7039],[152.201,-30.7039],[152.201,-30.704],[152.2009,-30.7041],[152.2004,-30.7045],[152.2002,-30.7048],[152.1999,-30.7072]]],[[[151.2831,-30.2206],[151.2824,-30.2234],[151.2725,-30.2221],[151.2732,-30.2179],[151.2831,-30.2206]]],[[[152.168,-30.591],[152.1686,-30.5916],[152.1677,-30.5908],[152.168,-30.591]]],[[[152.0282,-29.4257],[152.0282,-29.4257],[152.0285,-29.4257],[152.0282,-29.4257]]]]},"properties":{"code":"N2","name":"New England","state":"NSW","status":"Declared","status_colour":"#3fb950","declaration":"Declared 17 Dec 2021. 8,000 MW intended network capacity. Infrastructure planner: EnergyCo.","network_projects":"New England REZ Network Infrastructure Project - Anticipated, Jan 2034 | QNI Connect - Future, 2041-42 (Step Change)","note":"","boundary_source":"EnergyCo declared boundary","source":"2026 ISP Appendix A3 (June 2026) REZ list"}},{"type":"Feature","geometry":{"type":"MultiPolygon","coordinates":[[[[142.3525,-33.8312],[142.3837,-33.8341],[142.376,-33.8873],[142.3635,-33.9271],[142.4231,-33.9325],[142.4301,-33.8933],[142.5586,-33.9067],[142.5544,-33.945],[142.5479,-33.9443],[142.5471,-33.9496],[142.5535,-33.9503],[142.5472,-33.9883],[142.5438,-33.9878],[142.5428,-33.9935],[142.5461,-33.9939],[142.5411,-34.0218],[142.7502,-34.0436],[142.7444,-34.0818],[142.9902,-34.1081],[142.9868,-34.1352],[143.1458,-34.1527],[143.1265,-34.2771],[143.2023,-34.2858],[143.2143,-34.2009],[143.2164,-34.2011],[143.2172,-34.1956],[143.3258,-34.2079],[143.3279,-34.1964],[143.3789,-34.2022],[143.3767,-34.2264],[143.3837,-34.2398],[143.3857,-34.2276],[143.3774,-34.2266],[143.3792,-34.2159],[143.3875,-34.2169],[143.3887,-34.2096],[143.4926,-34.2222],[143.4917,-34.2278],[143.6117,-34.2411],[143.615,-34.2196],[143.6564,-34.2242],[143.6603,-34.2014],[143.6866,-34.2042],[143.6807,-34.2405],[143.7317,-34.2436],[143.7352,-34.2403],[143.771,-34.2395],[143.7729,-34.2284],[143.7717,-34.2395],[143.8225,-34.2395],[143.8309,-34.2296],[143.8454,-34.2351],[143.8523,-34.228],[143.84,-34.2439],[143.873,-34.2475],[143.8769,-34.2264],[143.921,-34.2318],[143.922,-34.2277],[143.9212,-34.2319],[143.9377,-34.2339],[143.9401,-34.2201],[143.9576,-34.2223],[143.9566,-34.2275],[143.9578,-34.2223],[143.9829,-34.2254],[143.9825,-34.2274],[143.9831,-34.2253],[144.0129,-34.2287],[144.0141,-34.2215],[144.0315,-34.2235],[144.0297,-34.2351],[144.0469,-34.237],[144.0493,-34.2234],[144.0865,-34.2284],[144.1043,-34.2286],[144.1051,-34.2253],[144.1274,-34.2279],[144.1325,-34.2159],[144.1557,-34.2327],[144.1574,-34.2233],[144.1633,-34.2218],[144.1654,-34.226],[144.1689,-34.2237],[144.1712,-34.2268],[144.1687,-34.2302],[144.1722,-34.2316],[144.1754,-34.2213],[144.1863,-34.2224],[144.1857,-34.2263],[144.195,-34.2263],[144.1932,-34.2375],[144.2014,-34.2383],[144.2032,-34.2274],[144.2208,-34.2291],[144.2215,-34.2262],[144.2211,-34.2286],[144.2391,-34.2304],[144.24,-34.2261],[144.2389,-34.2329],[144.2463,-34.2343],[144.2487,-34.2304],[144.2563,-34.2327],[144.2587,-34.2185],[144.2746,-34.2201],[144.2737,-34.2259],[144.2748,-34.2201],[144.29,-34.2216],[144.2894,-34.2258],[144.2902,-34.2217],[144.2989,-34.2225],[144.322,-34.2351],[144.3984,-34.2153],[144.3974,-34.2212],[144.3957,-34.2202],[144.3939,-34.2205],[144.3928,-34.2184],[144.391,-34.2182],[144.3896,-34.2187],[144.3877,-34.2205],[144.3881,-34.224],[144.386,-34.2229],[144.3855,-34.2238],[144.3874,-34.2253],[144.3859,-34.2234],[144.3884,-34.2242],[144.3914,-34.2184],[144.3937,-34.2209],[144.3987,-34.2219],[144.401,-34.2213],[144.4025,-34.2246],[144.4077,-34.2233],[144.4081,-34.2201],[144.4103,-34.2228],[144.4119,-34.2195],[144.4116,-34.2226],[144.4257,-34.2282],[144.4249,-34.2253],[144.429,-34.2263],[144.4337,-34.2229],[144.4316,-34.2207],[144.4342,-34.2182],[144.4378,-34.221],[144.4446,-34.2176],[144.449,-34.2224],[144.4541,-34.2203],[144.4533,-34.2245],[144.4628,-34.2205],[144.4674,-34.2249],[144.4637,-34.2202],[144.4639,-34.2186],[144.4701,-34.2231],[144.4807,-34.2153],[144.4791,-34.229],[144.4932,-34.2256],[144.4921,-34.2314],[144.5041,-34.2287],[144.5158,-34.2324],[144.5319,-34.2302],[144.5311,-34.2399],[144.5611,-34.2301],[144.5641,-34.2317],[144.5904,-34.225],[144.585,-34.2548],[144.6305,-34.2602],[144.6276,-34.2781],[144.6586,-34.2819],[144.6641,-34.2527],[144.7083,-34.2579],[144.7059,-34.2729],[144.7539,-34.2785],[144.7663,-34.3023],[144.7734,-34.3013],[144.7682,-34.2911],[144.7814,-34.2935],[144.7849,-34.3002],[144.7986,-34.3019],[144.8386,-34.2936],[144.8655,-34.2933],[144.8681,-34.2902],[144.868,-34.2947],[144.8688,-34.29],[144.9221,-34.2965],[144.9258,-34.2741],[144.9368,-34.2716],[144.933,-34.2939],[144.9983,-34.3017],[145.0028,-34.2794],[145.0073,-34.28],[145.005,-34.2944],[145.0224,-34.2965],[145.0218,-34.3002],[145.0239,-34.2885],[145.0534,-34.2919],[145.0518,-34.3013],[145.0536,-34.2919],[145.0789,-34.2938],[145.0676,-34.3154],[145.0719,-34.3214],[145.0729,-34.3152],[145.0767,-34.308],[145.0802,-34.3023],[145.073,-34.3157],[145.0736,-34.3237],[145.0745,-34.3179],[145.0968,-34.2881],[145.1672,-34.297],[145.1705,-34.2696],[145.1679,-34.297],[145.2382,-34.3047],[145.2436,-34.2733],[145.2339,-34.2724],[145.2437,-34.2729],[145.2387,-34.3044],[145.3243,-34.3145],[145.3253,-34.3112],[145.3477,-34.3155],[145.3491,-34.3088],[145.368,-34.311],[145.3677,-34.3149],[145.4448,-34.3254],[145.4458,-34.3194],[145.4699,-34.3225],[145.4743,-34.2973],[145.4789,-34.2978],[145.4725,-34.3357],[145.4766,-34.3362],[145.4774,-34.3328],[145.5138,-34.3372],[145.5118,-34.3518],[145.5938,-34.3618],[145.5925,-34.3691],[145.6101,-34.3713],[145.6089,-34.3782],[145.6169,-34.3791],[145.6146,-34.3936],[145.6238,-34.3947],[145.6222,-34.4038],[145.631,-34.4048],[145.6292,-34.4153],[145.6203,-34.4144],[145.6379,-34.4165],[145.637,-34.4218],[145.6535,-34.4237],[145.6518,-34.4328],[145.66,-34.4345],[145.6592,-34.4391],[145.6671,-34.44],[145.6679,-34.4366],[145.6654,-34.4511],[145.6805,-34.4529],[145.6794,-34.4603],[145.6872,-34.4635],[145.6858,-34.4662],[145.6911,-34.4665],[145.6861,-34.4674],[145.6975,-34.4698],[145.6942,-34.4841],[145.7027,-34.4851],[145.702,-34.4896],[145.7121,-34.4909],[145.7134,-34.4847],[145.7107,-34.5002],[145.717,-34.5175],[145.7181,-34.5106],[145.7281,-34.5118],[145.7239,-34.513],[145.7278,-34.5134],[145.7255,-34.5279],[145.7309,-34.5276],[145.7316,-34.5339],[145.7358,-34.5312],[145.7325,-34.549],[145.7562,-34.5568],[145.7794,-34.571],[145.777,-34.5851],[145.7944,-34.5873],[145.7931,-34.5968],[145.7876,-34.6011],[145.7878,-34.615],[145.7723,-34.6133],[145.7716,-34.6163],[145.7366,-34.6124],[145.7333,-34.6415],[145.7366,-34.6418],[145.7333,-34.6417],[145.7184,-34.7316],[145.7142,-34.7313],[145.7184,-34.7318],[145.7151,-34.7527],[145.709,-34.7522],[145.7151,-34.7529],[145.7093,-34.7888],[145.7061,-34.7886],[145.7092,-34.7889],[145.7012,-34.8396],[145.7175,-34.8416],[145.7058,-34.8517],[145.6992,-34.852],[145.6982,-34.8583],[145.7139,-34.859],[145.7111,-34.8778],[145.7196,-34.8791],[145.7171,-34.8935],[145.7258,-34.8946],[145.7233,-34.909],[145.7319,-34.9104],[145.7293,-34.9247],[145.7385,-34.9257],[145.7355,-34.9425],[145.7509,-34.9398],[145.7494,-34.9569],[145.7664,-34.9591],[145.7649,-34.9674],[145.7603,-34.9668],[145.7673,-34.9678],[145.7646,-34.9836],[145.7794,-34.9854],[145.7767,-35.0033],[145.7965,-35.0019],[145.7943,-35.0144],[145.8032,-35.0155],[145.8019,-35.0226],[145.8556,-35.0298],[145.8456,-35.0822],[145.7863,-35.0857],[145.7841,-35.0992],[145.778,-35.1049],[145.7729,-35.148],[145.7716,-35.1459],[145.7701,-35.1488],[145.7736,-35.1504],[145.7694,-35.1492],[145.7638,-35.1567],[145.7594,-35.1568],[145.7622,-35.1594],[145.7574,-35.1591],[145.7582,-35.1616],[145.7523,-35.1618],[145.752,-35.1646],[145.7491,-35.1638],[145.7508,-35.1541],[145.7436,-35.1533],[145.7418,-35.1641],[145.7373,-35.1634],[145.7331,-35.1673],[145.7306,-35.1653],[145.7302,-35.1677],[145.7275,-35.1616],[145.7229,-35.1624],[145.7154,-35.1713],[145.7089,-35.1705],[145.7062,-35.176],[145.7084,-35.161],[145.6982,-35.1599],[145.6987,-35.1546],[145.6968,-35.1655],[145.6877,-35.1604],[145.6934,-35.1592],[145.6935,-35.1566],[145.6843,-35.1529],[145.6696,-35.1578],[145.6693,-35.1538],[145.6656,-35.1603],[145.6568,-35.163],[145.6587,-35.1513],[145.6363,-35.1488],[145.6339,-35.1615],[145.6263,-35.1605],[145.6224,-35.1769],[145.6302,-35.1782],[145.6224,-35.1782],[145.6247,-35.1824],[145.6213,-35.1848],[145.6222,-35.1907],[145.6271,-35.1908],[145.6222,-35.1925],[145.6261,-35.1974],[145.6221,-35.1972],[145.622,-35.2015],[145.6262,-35.2021],[145.6235,-35.2057],[145.6298,-35.2081],[145.6288,-35.2101],[145.6141,-35.2105],[145.6125,-35.2201],[145.5971,-35.2187],[145.595,-35.2238],[145.6108,-35.2257],[145.6113,-35.2285],[145.6085,-35.231],[145.5928,-35.2291],[145.5912,-35.2331],[145.5968,-35.2342],[145.5659,-35.2302],[145.5647,-35.2345],[145.5575,-35.2282],[145.5478,-35.2269],[145.5313,-35.2321],[145.5179,-35.2305],[145.5312,-35.2325],[145.5295,-35.2373],[145.5223,-35.2411],[145.5254,-35.2415],[145.5284,-35.249],[145.5186,-35.2485],[145.53,-35.251],[145.5271,-35.2565],[145.5302,-35.2589],[145.5197,-35.2578],[145.525,-35.2644],[145.5243,-35.2666],[145.522,-35.2673],[145.5236,-35.2773],[145.518,-35.2806],[145.5019,-35.2818],[145.5021,-35.2795],[145.4995,-35.2825],[145.4826,-35.2848],[145.4756,-35.2903],[145.4775,-35.2776],[145.4598,-35.2756],[145.4579,-35.2872],[145.4542,-35.2886],[145.4475,-35.2842],[145.4402,-35.2746],[145.4347,-35.2755],[145.4365,-35.2653],[145.4162,-35.263],[145.4144,-35.2717],[145.4055,-35.2827],[145.4077,-35.2861],[145.3928,-35.2855],[145.3907,-35.2979],[145.3934,-35.2808],[145.3759,-35.2786],[145.3748,-35.2847],[145.3593,-35.292],[145.3608,-35.2826],[145.3536,-35.2818],[145.3519,-35.2911],[145.3444,-35.2903],[145.3429,-35.2989],[145.345,-35.2852],[145.3358,-35.2842],[145.3335,-35.2972],[145.3321,-35.2935],[145.3279,-35.2935],[145.332,-35.2907],[145.3278,-35.2883],[145.3281,-35.2852],[145.3183,-35.2873],[145.3153,-35.2805],[145.3112,-35.2837],[145.3061,-35.2822],[145.3074,-35.2798],[145.301,-35.2803],[145.2981,-35.2858],[145.2929,-35.2872],[145.2935,-35.2808],[145.2896,-35.2842],[145.2822,-35.2779],[145.2789,-35.2847],[145.285,-35.2966],[145.2686,-35.2869],[145.258,-35.2856],[145.2586,-35.2869],[145.257,-35.291],[145.2601,-35.2891],[145.262,-35.2901],[145.2571,-35.2914],[145.2567,-35.2904],[145.2581,-35.287],[145.2543,-35.2871],[145.2539,-35.2837],[145.2495,-35.284],[145.2474,-35.2944],[145.2372,-35.2932],[145.2363,-35.2965],[145.2296,-35.2957],[145.2312,-35.2862],[145.2198,-35.2851],[145.2107,-35.2907],[145.2076,-35.2849],[145.2053,-35.2981],[145.2025,-35.2978],[145.2036,-35.2912],[145.1853,-35.2875],[145.1863,-35.2928],[145.1836,-35.2956],[145.1858,-35.2928],[145.1839,-35.2892],[145.1848,-35.2935],[145.1791,-35.2947],[145.177,-35.2913],[145.1741,-35.2984],[145.174,-35.2934],[145.1696,-35.2928],[145.1688,-35.2973],[145.1598,-35.2963],[145.159,-35.3011],[145.153,-35.2967],[145.1506,-35.3026],[145.1465,-35.2999],[145.1481,-35.2907],[145.1387,-35.2896],[145.1367,-35.301],[145.1335,-35.298],[145.1263,-35.3003],[145.125,-35.2965],[145.116,-35.2987],[145.1183,-35.2937],[145.1126,-35.2919],[145.1116,-35.2964],[145.103,-35.2943],[145.1022,-35.2904],[145.1005,-35.2953],[145.0951,-35.2937],[145.0917,-35.2971],[145.0903,-35.2936],[145.0848,-35.2971],[145.0812,-35.2943],[145.079,-35.2995],[145.0725,-35.296],[145.0727,-35.3018],[145.066,-35.3035],[145.061,-35.301],[145.0613,-35.2966],[145.0558,-35.2921],[145.0502,-35.2973],[145.047,-35.2958],[145.0461,-35.3008],[145.0279,-35.2958],[145.0271,-35.3002],[145.0245,-35.2999],[145.0203,-35.2989],[145.0205,-35.2949],[145.02,-35.2994],[145.0053,-35.2971],[145.0052,-35.2914],[145.004,-35.2982],[144.9853,-35.2959],[144.9841,-35.3028],[144.9692,-35.3011],[144.9714,-35.2872],[144.9625,-35.2861],[144.9631,-35.2805],[144.9621,-35.2861],[144.9534,-35.2853],[144.9621,-35.2863],[144.9595,-35.3006],[144.9047,-35.2946],[144.9055,-35.2896],[144.8986,-35.2888],[144.8995,-35.2835],[144.8894,-35.2823],[144.888,-35.2902],[144.867,-35.2906],[144.8775,-35.3047],[144.8579,-35.2791],[144.8411,-35.283],[144.8389,-35.2706],[144.829,-35.282],[144.836,-35.2709],[144.8066,-35.2711],[144.8104,-35.2495],[144.8165,-35.2493],[144.7798,-35.2457],[144.8004,-35.2483],[144.7966,-35.27],[144.776,-35.2675],[144.7965,-35.2701],[144.795,-35.2785],[144.7739,-35.2784],[144.7752,-35.2702],[144.7732,-35.2732],[144.7576,-35.2713],[144.7581,-35.2683],[144.7071,-35.2621],[144.708,-35.2563],[144.6929,-35.2546],[144.692,-35.254],[144.6947,-35.2475],[144.677,-35.2455],[144.6783,-35.2383],[144.6343,-35.2331],[144.6356,-35.2259],[144.6272,-35.225],[144.6325,-35.1954],[144.6315,-35.1836],[144.6318,-35.1953],[144.6085,-35.1926],[144.6109,-35.178],[144.6083,-35.1925],[144.591,-35.1904],[144.5934,-35.1759],[144.5908,-35.1904],[144.5736,-35.1883],[144.5762,-35.1738],[144.5734,-35.1883],[144.5502,-35.1855],[144.5578,-35.1757],[144.5467,-35.1703],[144.5572,-35.1758],[144.5452,-35.1913],[144.5447,-35.1866],[144.5005,-35.1817],[144.5012,-35.1761],[144.5003,-35.1817],[144.4915,-35.1807],[144.4939,-35.1664],[144.4853,-35.1653],[144.4848,-35.1682],[144.4851,-35.1653],[144.4499,-35.1612],[144.4508,-35.1549],[144.4378,-35.1531],[144.437,-35.1576],[144.4195,-35.1555],[144.4218,-35.1411],[144.4045,-35.139],[144.4039,-35.1423],[144.4043,-35.139],[144.3835,-35.1365],[144.3847,-35.1294],[144.3591,-35.1261],[144.3598,-35.1191],[144.3322,-35.118],[144.3346,-35.1036],[144.3182,-35.1019],[144.3175,-35.1051],[144.3188,-35.0969],[144.3111,-35.096],[144.309,-35.1086],[144.2781,-35.0808],[144.2887,-35.0936],[144.2717,-35.079],[144.2659,-35.0784],[144.2769,-35.0889],[144.2483,-35.0856],[144.2508,-35.07],[144.2473,-35.0715],[144.2475,-35.0669],[144.2429,-35.0723],[144.2401,-35.0671],[144.2325,-35.0714],[144.2317,-35.0686],[144.228,-35.0697],[144.2325,-35.0677],[144.2266,-35.066],[144.2238,-35.0579],[144.2213,-35.0714],[144.2127,-35.0704],[144.2131,-35.0679],[144.2082,-35.0673],[144.2121,-35.0548],[144.2097,-35.0507],[144.1999,-35.0477],[144.1981,-35.0551],[144.1918,-35.0476],[144.1856,-35.0455],[144.1924,-35.0372],[144.1865,-35.0387],[144.1841,-35.053],[144.1858,-35.0388],[144.1819,-35.0393],[144.1801,-35.0454],[144.1706,-35.0445],[144.1696,-35.0499],[144.1661,-35.0459],[144.1589,-35.0451],[144.1575,-35.0409],[144.1535,-35.0463],[144.1456,-35.042],[144.149,-35.0392],[144.1374,-35.0416],[144.1382,-35.0369],[144.1291,-35.0358],[144.1275,-35.0435],[144.1288,-35.0358],[144.0998,-35.0337],[144.1005,-35.0296],[144.0826,-35.0277],[144.0845,-35.017],[144.0646,-35.0202],[144.0472,-35.0182],[144.0467,-35.0228],[144.0465,-35.0181],[144.0029,-35.0118],[144.0005,-35.0261],[143.9951,-35.0167],[143.975,-35.0236],[143.9778,-35.0088],[143.924,-35.0022],[143.9212,-35.0082],[143.8922,-34.9876],[143.8818,-34.9933],[143.8694,-35.0084],[143.8584,-35.0052],[143.8221,-35.0048],[143.8108,-35.0007],[143.8181,-34.9852],[143.7538,-34.9783],[143.7521,-34.974],[143.741,-34.9811],[143.7302,-34.967],[143.7233,-34.9703],[143.7069,-34.9415],[143.7043,-34.9549],[143.7009,-34.9598],[143.7041,-34.9548],[143.7055,-34.9391],[143.6647,-34.9343],[143.6629,-34.9495],[143.6638,-34.9402],[143.6543,-34.9391],[143.6533,-34.9451],[143.6185,-34.9411],[143.6154,-34.9333],[143.5934,-34.9304],[143.5946,-34.9234],[143.5855,-34.9234],[143.5867,-34.9158],[143.5806,-34.9173],[143.57,-34.9113],[143.5309,-34.9064],[143.5342,-34.8868],[143.5167,-34.8848],[143.5123,-34.885],[143.5119,-34.8876],[143.5159,-34.8883],[143.5015,-34.8868],[143.5043,-34.8562],[143.4982,-34.8862],[143.4781,-34.8825],[143.4631,-34.8657],[143.4512,-34.8608],[143.4467,-34.8538],[143.4341,-34.8452],[143.4202,-34.8395],[143.4211,-34.836],[143.4041,-34.8164],[143.3818,-34.8074],[143.3767,-34.8017],[143.3692,-34.7989],[143.3526,-34.81],[143.3472,-34.8061],[143.3514,-34.7953],[143.3487,-34.7922],[143.3337,-34.7932],[143.329,-34.7864],[143.3173,-34.7904],[143.3135,-34.7875],[143.3131,-34.781],[143.3092,-34.7799],[143.2963,-34.7859],[143.2948,-34.7908],[143.2845,-34.7851],[143.2863,-34.7951],[143.2762,-34.7916],[143.2733,-34.7875],[143.2756,-34.7814],[143.2636,-34.7808],[143.266,-34.7767],[143.2732,-34.7767],[143.2631,-34.7733],[143.2577,-34.7785],[143.2524,-34.7709],[143.254,-34.7666],[143.2714,-34.7594],[143.2676,-34.7544],[143.2736,-34.7524],[143.2655,-34.7486],[143.2488,-34.7574],[143.2447,-34.7552],[143.241,-34.7454],[143.2289,-34.7479],[143.2293,-34.7572],[143.2248,-34.7585],[143.2191,-34.7526],[143.2216,-34.7428],[143.214,-34.7375],[143.2226,-34.7327],[143.2194,-34.7295],[143.2013,-34.7335],[143.1976,-34.7275],[143.197,-34.7205],[143.1999,-34.7171],[143.1917,-34.7128],[143.1797,-34.7173],[143.1781,-34.7152],[143.1815,-34.7095],[143.173,-34.7198],[143.1654,-34.7177],[143.166,-34.7019],[143.1626,-34.698],[143.1562,-34.6996],[143.1536,-34.7057],[143.148,-34.7091],[143.1479,-34.7148],[143.1349,-34.7073],[143.1334,-34.7005],[143.1179,-34.7029],[143.1185,-34.698],[143.1279,-34.6947],[143.1274,-34.6925],[143.108,-34.7019],[143.1112,-34.6875],[143.1212,-34.6875],[143.1132,-34.6811],[143.1064,-34.6926],[143.0917,-34.7016],[143.0763,-34.696],[143.072,-34.6898],[143.0708,-34.6787],[143.067,-34.6801],[143.0644,-34.6906],[143.0544,-34.6992],[143.0475,-34.6977],[143.0437,-34.6872],[143.0403,-34.6866],[143.038,-34.6921],[143.0447,-34.699],[143.0396,-34.7027],[143.0297,-34.6915],[143.033,-34.6833],[143.0255,-34.6822],[143.0224,-34.6928],[143.0109,-34.6942],[143.0081,-34.6864],[143.017,-34.6765],[143.0164,-34.6728],[143.0008,-34.6691],[142.995,-34.6733],[142.9912,-34.6647],[142.9873,-34.6644],[142.9848,-34.6682],[142.9745,-34.6707],[142.9815,-34.682],[142.9763,-34.6932],[142.9728,-34.6942],[142.9684,-34.6913],[142.9631,-34.6749],[142.9586,-34.6709],[142.959,-34.6646],[142.949,-34.6688],[142.9438,-34.6616],[142.9358,-34.6602],[142.9326,-34.6551],[142.9223,-34.6558],[142.9238,-34.6476],[142.9011,-34.6548],[142.8993,-34.6626],[142.8926,-34.6658],[142.899,-34.6711],[142.8909,-34.6716],[142.8928,-34.6781],[142.8875,-34.6793],[142.8866,-34.6719],[142.876,-34.6742],[142.8722,-34.6638],[142.8645,-34.6663],[142.8613,-34.6645],[142.8695,-34.6579],[142.8724,-34.6511],[142.8637,-34.639],[142.8599,-34.6395],[142.8583,-34.6441],[142.8562,-34.6387],[142.8687,-34.6272],[142.8616,-34.6277],[142.853,-34.6188],[142.8486,-34.6191],[142.8454,-34.6253],[142.8416,-34.6257],[142.839,-34.613],[142.826,-34.6084],[142.8235,-34.5998],[142.8182,-34.6024],[142.8184,-34.6115],[142.8059,-34.6078],[142.8039,-34.6013],[142.811,-34.5941],[142.8105,-34.5886],[142.8019,-34.588],[142.7971,-34.597],[142.7882,-34.5899],[142.7871,-34.5841],[142.8019,-34.5793],[142.7973,-34.572],[142.8109,-34.5612],[142.8062,-34.5536],[142.7961,-34.5514],[142.7916,-34.5461],[142.7883,-34.5491],[142.7881,-34.5573],[142.7812,-34.5648],[142.7701,-34.5681],[142.7713,-34.5722],[142.7826,-34.5762],[142.7831,-34.5789],[142.7585,-34.5791],[142.7499,-34.5754],[142.7474,-34.5777],[142.7451,-34.587],[142.7617,-34.5901],[142.7626,-34.5964],[142.7601,-34.599],[142.7421,-34.602],[142.7313,-34.5987],[142.7242,-34.592],[142.7163,-34.5996],[142.7092,-34.5984],[142.7082,-34.6223],[142.6992,-34.6431],[142.6889,-34.6525],[142.6952,-34.6604],[142.7026,-34.6603],[142.7092,-34.6641],[142.7099,-34.6766],[142.7048,-34.6788],[142.6852,-34.6703],[142.6806,-34.6724],[142.6784,-34.6799],[142.6816,-34.6906],[142.6908,-34.7029],[142.6841,-34.7131],[142.6979,-34.7216],[142.6983,-34.7248],[142.6913,-34.7261],[142.6796,-34.7216],[142.6758,-34.7286],[142.6862,-34.7345],[142.678,-34.7382],[142.6684,-34.7352],[142.6625,-34.7212],[142.6526,-34.7285],[142.6366,-34.7342],[142.6232,-34.7268],[142.6176,-34.729],[142.6158,-34.7367],[142.6203,-34.7572],[142.6271,-34.7608],[142.6412,-34.7583],[142.6455,-34.7638],[142.6438,-34.7754],[142.6319,-34.7836],[142.6155,-34.7843],[142.5943,-34.7713],[142.5754,-34.7704],[142.5669,-34.7666],[142.5573,-34.7743],[142.5512,-34.7681],[142.5505,-34.7614],[142.5393,-34.762],[142.5342,-34.7522],[142.5282,-34.7583],[142.5245,-34.7582],[142.5091,-34.7482],[142.5134,-34.7404],[142.5017,-34.7386],[142.5037,-34.7327],[142.514,-34.7236],[142.5112,-34.7136],[142.5204,-34.7027],[142.5147,-34.6997],[142.5036,-34.7035],[142.5006,-34.7017],[142.5126,-34.6962],[142.5148,-34.6915],[142.5084,-34.6816],[142.5002,-34.6805],[142.4993,-34.6734],[142.5036,-34.6685],[142.5172,-34.6632],[142.5087,-34.6559],[142.5005,-34.6644],[142.4872,-34.6626],[142.4879,-34.6675],[142.4958,-34.6675],[142.493,-34.6719],[142.4771,-34.6724],[142.4727,-34.6656],[142.4736,-34.6493],[142.4859,-34.636],[142.4822,-34.6342],[142.4722,-34.6396],[142.4642,-34.6332],[142.4568,-34.6358],[142.4538,-34.6338],[142.4651,-34.6275],[142.4601,-34.6178],[142.4696,-34.613],[142.463,-34.6063],[142.471,-34.6016],[142.4725,-34.592],[142.4603,-34.5876],[142.4745,-34.5764],[142.4691,-34.5642],[142.4551,-34.5567],[142.4485,-34.5582],[142.4509,-34.5725],[142.4584,-34.5812],[142.4513,-34.5832],[142.445,-34.5745],[142.4309,-34.574],[142.431,-34.5664],[142.4262,-34.5616],[142.409,-34.5682],[142.4076,-34.5635],[142.4122,-34.5528],[142.4073,-34.5411],[142.3912,-34.5484],[142.3775,-34.5398],[142.3795,-34.5317],[142.3725,-34.5343],[142.3691,-34.53],[142.3702,-34.5273],[142.4015,-34.5229],[142.394,-34.5156],[142.3815,-34.5187],[142.3765,-34.516],[142.3885,-34.4984],[142.3946,-34.4956],[142.3929,-34.4936],[142.3764,-34.4926],[142.3697,-34.5033],[142.3596,-34.4986],[142.3603,-34.4906],[142.3654,-34.4845],[142.3746,-34.4779],[142.3836,-34.4794],[142.3793,-34.468],[142.3733,-34.4727],[142.3647,-34.4702],[142.3573,-34.4732],[142.353,-34.4698],[142.3647,-34.4493],[142.3607,-34.4413],[142.3677,-34.4365],[142.3599,-34.4328],[142.3643,-34.4233],[142.3517,-34.4234],[142.3607,-34.4124],[142.3521,-34.4079],[142.3566,-34.4009],[142.3509,-34.3976],[142.3635,-34.3867],[142.3738,-34.389],[142.3682,-34.3715],[142.378,-34.3658],[142.3735,-34.3636],[142.3659,-34.3661],[142.3637,-34.3626],[142.371,-34.359],[142.384,-34.3646],[142.3906,-34.3635],[142.3848,-34.3477],[142.388,-34.3442],[142.3976,-34.3449],[142.3967,-34.3385],[142.3736,-34.3323],[142.3675,-34.3278],[142.3474,-34.3382],[142.3302,-34.3402],[142.3214,-34.3376],[142.316,-34.3306],[142.3024,-34.3296],[142.2955,-34.3243],[142.2846,-34.3275],[142.2806,-34.3218],[142.281,-34.3162],[142.2883,-34.3071],[142.299,-34.3063],[142.2864,-34.2971],[142.2754,-34.3049],[142.2672,-34.2961],[142.2527,-34.3073],[142.2362,-34.3081],[142.233,-34.2981],[142.2457,-34.2914],[142.249,-34.2856],[142.2449,-34.2777],[142.2492,-34.2653],[142.243,-34.2591],[142.2321,-34.2556],[142.2446,-34.2434],[142.2437,-34.2317],[142.2356,-34.2247],[142.2441,-34.217],[142.2439,-34.2105],[142.2423,-34.2089],[142.2409,-34.2158],[142.2392,-34.2163],[142.2418,-34.2095],[142.239,-34.2052],[142.2358,-34.2039],[142.2385,-34.2064],[142.2319,-34.2087],[142.2333,-34.2099],[142.2332,-34.214],[142.2197,-34.181],[142.1988,-34.1834],[142.1823,-34.1779],[142.1865,-34.1773],[142.1836,-34.1754],[142.1794,-34.1827],[142.1752,-34.184],[142.1665,-34.1827],[142.1637,-34.1767],[142.1667,-34.1716],[142.1625,-34.1719],[142.1705,-34.1541],[142.1637,-34.1486],[142.1645,-34.1432],[142.1753,-34.1457],[142.1767,-34.1389],[142.1847,-34.1382],[142.1877,-34.1371],[142.1775,-34.1386],[142.1783,-34.1335],[142.1918,-34.1294],[142.1615,-34.1274],[142.1729,-34.0515],[142.0515,-34.0413],[142.0516,-34.031],[142.0417,-34.0122],[142.0445,-33.9932],[142.0339,-33.9837],[141.9891,-33.9792],[141.9903,-33.9691],[141.9842,-33.9586],[141.9916,-33.9594],[141.9906,-33.9659],[142.236,-33.9897],[142.2529,-33.8752],[142.3457,-33.8846],[142.3525,-33.8312]]],[[[145.445,-35.2795],[145.4453,-35.2797],[145.4455,-35.2795],[145.445,-35.2795]]],[[[145.0625,-35.2974],[145.0622,-35.2978],[145.0624,-35.2977],[145.0625,-35.2974]]],[[[145.524,-35.2636],[145.524,-35.2664],[145.5246,-35.2643],[145.524,-35.2636]]],[[[145.5188,-35.2795],[145.5174,-35.2797],[145.5159,-35.2795],[145.5177,-35.2803],[145.5188,-35.2795]]],[[[142.1938,-34.1253],[142.1944,-34.1208],[142.1952,-34.115],[142.1937,-34.1261],[142.1978,-34.1202],[142.2139,-34.1156],[142.1996,-34.1191],[142.1981,-34.1199],[142.1963,-34.1215],[142.1938,-34.1253]]],[[[144.6939,-35.2533],[144.7081,-35.2561],[144.7083,-35.2549],[144.6939,-35.2533]]],[[[144.7088,-35.2558],[144.7078,-35.2619],[144.7253,-35.264],[144.7265,-35.2573],[144.7088,-35.2558]]],[[[144.6318,-35.1955],[144.6266,-35.2244],[144.6158,-35.2231],[144.617,-35.2159],[144.6048,-35.2144],[144.6085,-35.1927],[144.6318,-35.1955]]],[[[144.6083,-35.1927],[144.6046,-35.2143],[144.5871,-35.2122],[144.5909,-35.1906],[144.6083,-35.1927]]],[[[144.5907,-35.1906],[144.5869,-35.2122],[144.5696,-35.2101],[144.5736,-35.1885],[144.5907,-35.1906]]],[[[144.8093,-35.2493],[144.8055,-35.271],[144.7968,-35.27],[144.8006,-35.2484],[144.8093,-35.2493]]],[[[144.5501,-35.1856],[144.5734,-35.1885],[144.5721,-35.1955],[144.5457,-35.1923],[144.5501,-35.1856]]],[[[144.8041,-35.2787],[144.7952,-35.2786],[144.7967,-35.2702],[144.8055,-35.2712],[144.8041,-35.2787]]],[[[144.8205,-35.2729],[144.8211,-35.2766],[144.806,-35.2749],[144.8066,-35.2713],[144.8205,-35.2729]]]]},"properties":{"code":"N5","name":"South West NSW","state":"NSW","status":"Declared","status_colour":"#3fb950","declaration":"Declared Nov 2022. Served by Project EnergyConnect, HumeLink and the VNI West South West REZ component.","network_projects":"Project EnergyConnect Stage 2 - Committed, Nov 2027 | HumeLink - Committed, Dec 2027 | VNI West - South West NSW REZ component - Actionable, Aug 2029 (proponent) | VNI West (Victoria - NSW Interconnector West) - Actionable, Nov 2031","note":"","boundary_source":"EnergyCo declared boundary","source":"2026 ISP Appendix A3 (June 2026) REZ list"}},{"type":"Feature","geometry":{"type":"Polygon","coordinates":[[[143.4206,-38.0198],[143.3331,-38.0146],[143.3068,-38.0084],[143.3141,-37.9661],[143.2739,-37.9618],[143.258,-37.9563],[143.2626,-37.9312],[143.2315,-37.9277],[143.2287,-37.925],[143.236,-37.8841],[143.2296,-37.8833],[143.2345,-37.8544],[143.2464,-37.841],[143.2577,-37.8423],[143.2665,-37.7923],[143.2939,-37.7953],[143.301,-37.7556],[143.3045,-37.7564],[143.3073,-37.7485],[143.3155,-37.7483],[143.3155,-37.7451],[143.3228,-37.7435],[143.3216,-37.7379],[143.3175,-37.7386],[143.3162,-37.735],[143.3251,-37.7362],[143.3207,-37.7348],[143.3183,-37.7279],[143.3229,-37.7284],[143.3269,-37.723],[143.3266,-37.7181],[143.3217,-37.717],[143.3267,-37.7149],[143.3206,-37.7119],[143.3267,-37.7101],[143.3305,-37.7125],[143.3331,-37.7087],[143.3391,-37.7109],[143.3423,-37.7086],[143.3394,-37.7028],[143.3423,-37.7015],[143.3406,-37.6989],[143.3434,-37.6992],[143.3405,-37.695],[143.3451,-37.691],[143.3502,-37.6934],[143.3548,-37.6703],[143.3443,-37.634],[143.3485,-37.6127],[143.3637,-37.6093],[143.3696,-37.5798],[143.3741,-37.5804],[143.3774,-37.5659],[143.3927,-37.5674],[143.3886,-37.5646],[143.3904,-37.5562],[143.3851,-37.5503],[143.3873,-37.5457],[143.4023,-37.5394],[143.4081,-37.5425],[143.4116,-37.5374],[143.4182,-37.5359],[143.4221,-37.5157],[143.4282,-37.5093],[143.4306,-37.4979],[143.4444,-37.4998],[143.458,-37.4354],[143.5027,-37.4436],[143.5634,-37.4614],[143.5982,-37.4674],[143.6215,-37.4677],[143.6133,-37.5008],[143.595,-37.5273],[143.5981,-37.5398],[143.5693,-37.5575],[143.5745,-37.5664],[143.5557,-37.5785],[143.5518,-37.5984],[143.5459,-37.6046],[143.5365,-37.6081],[143.5265,-37.642],[143.5188,-37.6468],[143.522,-37.6564],[143.5294,-37.6642],[143.5279,-37.6714],[143.5237,-37.673],[143.5261,-37.6791],[143.5212,-37.6806],[143.5014,-37.6759],[143.4996,-37.6849],[143.5179,-37.6873],[143.5151,-37.7017],[143.5253,-37.7029],[143.5318,-37.7001],[143.5573,-37.7054],[143.5602,-37.7264],[143.5622,-37.7336],[143.5671,-37.7377],[143.5687,-37.7498],[143.5788,-37.7507],[143.5805,-37.7559],[143.5926,-37.7582],[143.6026,-37.769],[143.6139,-37.7672],[143.6175,-37.7714],[143.625,-37.7702],[143.6246,-37.7741],[143.6589,-37.7785],[143.6519,-37.7849],[143.6888,-37.7876],[143.6903,-37.7813],[143.6988,-37.7762],[143.6999,-37.7909],[143.7043,-37.7941],[143.7384,-37.8103],[143.7438,-37.8101],[143.7415,-37.8126],[143.7527,-37.8138],[143.7558,-37.8156],[143.7548,-37.82],[143.7781,-37.8315],[143.7998,-37.8364],[143.8076,-37.8325],[143.8082,-37.8282],[143.8206,-37.8297],[143.8254,-37.8051],[143.9022,-37.8141],[143.9106,-37.8053],[143.9161,-37.8061],[143.9203,-37.8122],[143.9391,-37.8154],[143.9392,-37.7934],[143.9485,-37.7837],[143.9489,-37.7754],[143.9574,-37.773],[143.9511,-37.7642],[143.9453,-37.7615],[143.9519,-37.7592],[143.9521,-37.7509],[143.9572,-37.7463],[143.9548,-37.7375],[143.9577,-37.7306],[143.9728,-37.7324],[143.9855,-37.7281],[143.9883,-37.7323],[144.0139,-37.7195],[144.0246,-37.7274],[144.0265,-37.7586],[144.0379,-37.7581],[144.0382,-37.7617],[144.0446,-37.7652],[144.035,-37.7768],[144.0685,-37.7787],[144.0652,-37.7964],[144.0879,-37.799],[144.0802,-37.8092],[144.0796,-37.8198],[144.0935,-37.8212],[144.0975,-37.8398],[144.0952,-37.8545],[144.0855,-37.8536],[144.0967,-37.865],[144.0957,-37.87],[144.0988,-37.8746],[144.0917,-37.9047],[144.0895,-37.9046],[144.1109,-37.9236],[144.1018,-37.9276],[144.1011,-37.9396],[144.0439,-37.9327],[144.0381,-37.9637],[144.0154,-37.9579],[144.0135,-37.9661],[144.0173,-37.9767],[144.012,-37.9834],[144.0173,-37.9874],[144.0154,-37.9968],[144.0188,-37.9965],[144.0177,-38.0042],[144.0046,-38.0028],[144.0021,-38.0159],[143.9762,-38.0139],[143.9803,-38.046],[143.9912,-38.0547],[143.9987,-38.0773],[144.0093,-38.0943],[143.9679,-38.086],[143.9221,-38.0814],[143.8211,-38.0797],[143.7832,-38.0707],[143.7924,-38.0207],[143.7656,-38.0195],[143.7357,-38.0273],[143.6724,-38.0294],[143.6289,-38.0234],[143.6094,-38.0281],[143.6048,-38.0243],[143.5624,-38.0121],[143.5424,-37.9925],[143.529,-37.9889],[143.5033,-38.0269],[143.4533,-38.0173],[143.4206,-38.0198]]]},"properties":{"code":"V2","name":"Central Highlands","state":"VIC","status":"Declared","status_colour":"#3fb950","declaration":"Declared by Victorian ministerial order, 29 May 2026.","network_projects":"Western Renewables Link (WRL) - Anticipated, Nov 2029 | Western Victoria Reinforcement - Actionable, Jun 2029","note":"","boundary_source":"VicGrid declared boundary","source":"2026 ISP Appendix A3 (June 2026) REZ list"}},{"type":"Feature","geometry":{"type":"Polygon","coordinates":[[[146.5848,-38.0776],[146.5893,-38.0615],[146.6087,-38.064],[146.6112,-38.0514],[146.6234,-38.053],[146.6213,-38.0489],[146.6631,-38.0542],[146.6624,-38.0584],[146.6772,-38.0531],[146.705,-38.0566],[146.6963,-38.1103],[146.7287,-38.1063],[146.7461,-38.1126],[146.8224,-38.1221],[146.8277,-38.0969],[146.9,-38.1068],[146.9764,-38.0995],[146.9699,-38.1396],[146.9727,-38.1429],[146.9646,-38.1479],[146.9596,-38.1468],[146.9584,-38.1512],[146.9514,-38.15],[146.9483,-38.1526],[146.9427,-38.1496],[146.9412,-38.1534],[146.9375,-38.1523],[146.9375,-38.1466],[146.9279,-38.144],[146.9166,-38.1502],[146.9129,-38.161],[146.9055,-38.1633],[146.8775,-38.1622],[146.8761,-38.1686],[146.8687,-38.1676],[146.8668,-38.1765],[146.826,-38.171],[146.8243,-38.1786],[146.8187,-38.1779],[146.8176,-38.1835],[146.812,-38.1829],[146.8229,-38.2064],[146.82,-38.2109],[146.8229,-38.2341],[146.8305,-38.2412],[146.8208,-38.2511],[146.8181,-38.2643],[146.8233,-38.275],[146.8174,-38.2811],[146.8159,-38.2783],[146.8029,-38.2766],[146.8045,-38.2682],[146.7912,-38.2657],[146.7884,-38.2714],[146.7755,-38.2807],[146.7502,-38.2769],[146.7476,-38.2937],[146.7358,-38.2848],[146.7325,-38.2725],[146.7203,-38.2852],[146.7079,-38.282],[146.699,-38.2874],[146.6914,-38.2723],[146.6658,-38.29],[146.6619,-38.2824],[146.6473,-38.2692],[146.6345,-38.2675],[146.6284,-38.2778],[146.6075,-38.2752],[146.5988,-38.2945],[146.5941,-38.2979],[146.5855,-38.2875],[146.5724,-38.2852],[146.5706,-38.2939],[146.5627,-38.293],[146.5619,-38.2974],[146.5336,-38.295],[146.5303,-38.2967],[146.5332,-38.3014],[146.5274,-38.3049],[146.5181,-38.3038],[146.5169,-38.3095],[146.4941,-38.3081],[146.4924,-38.3104],[146.481,-38.3029],[146.4778,-38.3117],[146.4611,-38.3072],[146.457,-38.3146],[146.459,-38.3233],[146.4496,-38.3224],[146.4443,-38.3312],[146.4315,-38.3263],[146.4265,-38.3276],[146.4247,-38.334],[146.3649,-38.3349],[146.3616,-38.3512],[146.3075,-38.3451],[146.2921,-38.3471],[146.293,-38.3578],[146.2588,-38.3546],[146.2541,-38.3512],[146.2513,-38.3563],[146.2553,-38.3642],[146.2459,-38.3593],[146.2347,-38.3619],[146.2319,-38.3669],[146.2232,-38.366],[146.2322,-38.3535],[146.2303,-38.3491],[146.2238,-38.3475],[146.2316,-38.3336],[146.2276,-38.3256],[146.2396,-38.3067],[146.2521,-38.299],[146.2561,-38.2792],[146.2621,-38.2726],[146.2582,-38.265],[146.2687,-38.255],[146.2745,-38.2534],[146.2888,-38.2357],[146.3038,-38.2309],[146.3513,-38.2376],[146.3767,-38.2354],[146.391,-38.2433],[146.4107,-38.2419],[146.4259,-38.2476],[146.4385,-38.2468],[146.4592,-38.23],[146.4894,-38.2114],[146.4993,-38.209],[146.4973,-38.2186],[146.5209,-38.2216],[146.5223,-38.2134],[146.5334,-38.2144],[146.5343,-38.2077],[146.5598,-38.21],[146.5607,-38.2032],[146.5887,-38.2035],[146.5925,-38.1857],[146.5759,-38.1886],[146.578,-38.1771],[146.5638,-38.1753],[146.5684,-38.1538],[146.5578,-38.151],[146.5543,-38.153],[146.5582,-38.1342],[146.5641,-38.1294],[146.5546,-38.1209],[146.5665,-38.0752],[146.5848,-38.0776]]]},"properties":{"code":"V6","name":"Gippsland","state":"VIC","status":"Declared","status_colour":"#3fb950","declaration":"Declared by Victorian ministerial order, 29 May 2026.","network_projects":"Eastern Victoria Reinforcement - Future, 2033-34 (Step Change)","note":"","boundary_source":"VicGrid declared boundary","source":"2026 ISP Appendix A3 (June 2026) REZ list"}},{"type":"Feature","geometry":{"type":"Polygon","coordinates":[[[147.1732,-38.3912],[147.1497,-38.3924],[147.1388,-38.4024],[147.1415,-38.4176],[147.0913,-38.4559],[147.0692,-38.4536],[147.052,-38.4661],[147.0483,-38.4632],[147.0301,-38.4614],[147.0246,-38.4797],[147.0091,-38.4806],[146.982,-38.4911],[146.9735,-38.5005],[146.9659,-38.519],[146.9736,-38.5274],[146.9882,-38.5357],[146.9958,-38.5366],[146.9365,-38.5919],[146.9022,-38.5838],[146.8957,-38.5774],[146.8863,-38.5587],[146.8816,-38.5569],[146.8867,-38.5464],[146.8971,-38.5021],[146.9281,-38.4724],[146.9989,-38.3497],[147.0169,-38.3329],[147.0224,-38.3203],[147.0313,-38.3252],[147.0318,-38.3285],[147.0415,-38.3301],[147.0556,-38.3261],[147.075,-38.3279],[147.0933,-38.3248],[147.0993,-38.3289],[147.1151,-38.3319],[147.1181,-38.3355],[147.1255,-38.3357],[147.1317,-38.3428],[147.149,-38.3414],[147.1518,-38.3463],[147.1549,-38.3439],[147.2062,-38.3511],[147.209,-38.3642],[147.1732,-38.3912]]]},"properties":{"code":"V8 (cable zone)","name":"Gippsland Shoreline","state":"VIC","status":"Declared","status_colour":"#3fb950","declaration":"Declared by Victorian ministerial order, 29 May 2026. Shoreline zone for the offshore wind connection cables.","network_projects":"Gippsland Offshore Wind Transmission Project - Actionable, Jul 2031 (Stage 1); Jul 2033; Jul 2038","note":"","boundary_source":"VicGrid declared boundary","source":"2026 ISP Appendix A3 (June 2026) REZ list"}},{"type":"Feature","geometry":{"type":"Polygon","coordinates":[[[143.5925,-35.795],[143.5927,-35.8096],[143.6608,-35.786],[143.6608,-35.7529],[143.6796,-35.7442],[143.6861,-35.735],[143.7429,-35.7351],[143.7428,-35.7184],[143.7509,-35.7122],[143.8167,-35.7103],[143.8167,-35.7356],[143.8369,-35.7355],[143.837,-35.7612],[143.9047,-35.7615],[143.9154,-35.7693],[143.9347,-35.7695],[143.9939,-35.8027],[143.9939,-35.7914],[144.0505,-35.7882],[144.0705,-35.792],[144.0704,-35.8044],[144.0555,-35.8215],[144.0551,-35.8411],[144.0735,-35.8461],[144.0732,-35.8896],[144.0642,-35.8896],[144.0643,-35.9188],[144.0742,-35.9188],[144.0742,-35.9495],[143.9411,-35.9494],[143.9415,-35.9528],[143.9226,-35.9528],[143.9226,-35.9403],[143.9185,-35.9402],[143.9185,-35.9374],[143.8617,-35.9349],[143.8693,-35.9273],[143.875,-35.926],[143.8706,-35.9228],[143.874,-35.9161],[143.8242,-35.9119],[143.8298,-35.8955],[143.8105,-35.8922],[143.8077,-35.8865],[143.8119,-35.8816],[143.8109,-35.8734],[143.8046,-35.8661],[143.798,-35.8719],[143.8044,-35.8798],[143.8026,-35.8916],[143.7976,-35.8962],[143.7975,-35.9207],[143.7819,-35.9207],[143.7915,-35.9474],[143.7761,-35.9727],[143.7747,-35.9837],[143.7623,-35.9964],[143.7595,-36.0126],[143.7496,-36.0172],[143.7486,-36.0323],[143.7248,-36.0296],[143.7229,-36.0395],[143.7049,-36.0373],[143.7035,-36.045],[143.6629,-36.04],[143.6605,-36.0547],[143.6082,-36.0488],[143.6058,-36.0632],[143.5797,-36.0622],[143.5797,-36.0771],[143.5611,-36.0771],[143.5611,-36.1234],[143.5115,-36.1235],[143.5115,-36.1335],[143.5037,-36.1369],[143.5135,-36.1521],[143.5131,-36.2014],[143.4194,-36.2028],[143.4228,-36.1995],[143.4246,-36.1388],[143.4067,-36.1387],[143.4066,-36.1092],[143.3991,-36.1092],[143.3992,-36.0891],[143.3787,-36.0866],[143.3797,-36.0804],[143.3888,-36.0756],[143.4364,-36.0765],[143.4364,-36.0444],[143.4574,-36.0444],[143.4574,-36.0206],[143.4818,-36.0207],[143.4818,-36.0083],[143.5129,-36.0083],[143.5127,-35.9752],[143.4993,-35.9753],[143.4992,-35.9557],[143.5046,-35.957],[143.5046,-35.9436],[143.4994,-35.9437],[143.5089,-35.9344],[143.5088,-35.9225],[143.5122,-35.921],[143.5084,-35.9165],[143.5122,-35.9124],[143.5136,-35.9038],[143.5261,-35.8897],[143.5163,-35.8775],[143.5183,-35.8705],[143.5227,-35.8703],[143.523,-35.8677],[143.4989,-35.8677],[143.4989,-35.8532],[143.4519,-35.8528],[143.4437,-35.8623],[143.424,-35.8473],[143.3945,-35.847],[143.403,-35.7945],[143.4139,-35.7945],[143.414,-35.7724],[143.3684,-35.7723],[143.3771,-35.7383],[143.3727,-35.7246],[143.3741,-35.7203],[143.3666,-35.7033],[143.3733,-35.6919],[143.3731,-35.6805],[143.3763,-35.6738],[143.3688,-35.6542],[143.3675,-35.6367],[143.3327,-35.6368],[143.3324,-35.6325],[143.2881,-35.6324],[143.2881,-35.6302],[143.2161,-35.6301],[143.2161,-35.6026],[143.2273,-35.6026],[143.2274,-35.5468],[143.2004,-35.5468],[143.2003,-35.5164],[143.1971,-35.513],[143.1646,-35.5117],[143.1681,-35.4911],[143.1562,-35.4911],[143.1562,-35.4179],[143.2274,-35.4179],[143.2274,-35.3849],[143.2706,-35.3917],[143.2706,-35.3628],[143.3062,-35.3628],[143.3062,-35.3338],[143.3778,-35.3337],[143.3778,-35.3191],[143.4542,-35.3191],[143.4542,-35.3719],[143.4718,-35.3646],[143.4718,-35.3695],[143.4818,-35.3696],[143.4816,-35.3826],[143.4904,-35.3828],[143.4901,-35.3968],[143.498,-35.3969],[143.498,-35.4087],[143.516,-35.4083],[143.5295,-35.4184],[143.5278,-35.4572],[143.5684,-35.4574],[143.5683,-35.489],[143.5878,-35.489],[143.5877,-35.5089],[143.6045,-35.5093],[143.6046,-35.5149],[143.6268,-35.5149],[143.6333,-35.53],[143.6387,-35.53],[143.6414,-35.5581],[143.6601,-35.5582],[143.6601,-35.5879],[143.6752,-35.5879],[143.674,-35.6124],[143.6762,-35.6154],[143.6719,-35.6171],[143.667,-35.6263],[143.6602,-35.627],[143.6601,-35.6365],[143.6564,-35.6352],[143.6539,-35.6416],[143.6414,-35.6416],[143.6414,-35.6562],[143.6288,-35.6562],[143.6197,-35.6657],[143.6243,-35.6657],[143.6245,-35.6906],[143.6054,-35.6905],[143.6052,-35.7225],[143.5911,-35.7225],[143.591,-35.7528],[143.5733,-35.7528],[143.5733,-35.7709],[143.589,-35.7709],[143.5764,-35.782],[143.5777,-35.7914],[143.5749,-35.7945],[143.5925,-35.795]],[[144.0467,-35.9494],[144.0467,-35.9492],[144.0467,-35.9492],[144.0467,-35.9494]]]},"properties":{"code":"V1","name":"North West","state":"VIC","status":"Declared","status_colour":"#3fb950","declaration":"Declared by Victorian ministerial order, 29 May 2026.","network_projects":"VNI West (Victoria - NSW Interconnector West) - Actionable, Nov 2031","note":"","boundary_source":"VicGrid declared boundary","source":"2026 ISP Appendix A3 (June 2026) REZ list"}},{"type":"Feature","geometry":{"type":"Polygon","coordinates":[[[142.1086,-38.0769],[142.1083,-38.0217],[142.1193,-38.0216],[142.1222,-38.0188],[142.1215,-38.0071],[142.1147,-38.0032],[142.1204,-37.9968],[142.12,-37.9842],[142.1255,-37.9836],[142.1212,-37.9781],[142.1391,-37.9626],[142.1338,-37.9566],[142.1368,-37.9541],[142.1358,-37.95],[142.1514,-37.953],[142.1548,-37.9519],[142.1548,-37.9467],[142.1618,-37.9442],[142.1622,-37.94],[142.1664,-37.9437],[142.1741,-37.9425],[142.1745,-37.9079],[142.2742,-37.9098],[142.2881,-37.906],[142.2905,-37.913],[142.3061,-37.9262],[142.3054,-37.9335],[142.3656,-37.9328],[142.3654,-37.918],[142.4109,-37.9176],[142.409,-37.8982],[142.4236,-37.9092],[142.4326,-37.9093],[142.4397,-37.9153],[142.4501,-37.9184],[142.4726,-37.8047],[142.4899,-37.8076],[142.4933,-37.794],[142.5888,-37.8058],[142.5972,-37.8094],[142.6732,-37.8165],[142.6649,-37.8301],[142.7012,-37.8349],[142.7503,-37.8192],[142.7576,-37.8128],[142.8012,-37.8177],[142.8012,-37.8265],[142.8136,-37.8494],[142.8094,-37.8925],[142.9359,-37.9069],[142.9237,-37.9752],[142.9524,-37.9787],[143.0117,-38.0082],[142.9765,-38.0746],[142.974,-38.089],[142.9809,-38.0898],[142.9914,-38.1107],[142.9872,-38.1336],[142.8961,-38.1231],[142.8902,-38.1529],[142.8973,-38.1653],[142.8907,-38.1942],[142.8588,-38.1982],[142.8018,-38.1923],[142.7915,-38.1883],[142.7809,-38.1906],[142.7699,-38.1976],[142.6993,-38.1881],[142.6948,-38.1965],[142.652,-38.1912],[142.6547,-38.2062],[142.5317,-38.1911],[142.5315,-38.202],[142.4955,-38.2013],[142.4938,-38.1961],[142.4502,-38.1961],[142.4292,-38.1923],[142.4216,-38.1997],[142.4215,-38.2058],[142.37,-38.2064],[142.3699,-38.1947],[142.2208,-38.1978],[142.2192,-38.1833],[142.0824,-38.1831],[142.0678,-38.1671],[142.0674,-38.1246],[142.0725,-38.1246],[142.0723,-38.0927],[142.065,-38.0929],[142.0647,-38.0772],[142.1086,-38.0769]]]},"properties":{"code":"V5","name":"South West","state":"VIC","status":"Declared","status_colour":"#3fb950","declaration":"Declared by Victorian ministerial order, 29 May 2026.","network_projects":"South West Victoria Expansion - Future, 2045-46 (Step Change)","note":"","boundary_source":"VicGrid declared boundary","source":"2026 ISP Appendix A3 (June 2026) REZ list"}},{"type":"Feature","geometry":{"type":"MultiPolygon","coordinates":[[[[142.8292,-36.5089],[142.8609,-36.5125],[142.8655,-36.5068],[142.8815,-36.5051],[142.8854,-36.5018],[142.8921,-36.5041],[142.8996,-36.5003],[142.9179,-36.5075],[142.9221,-36.4894],[142.9752,-36.4956],[143.0136,-36.4962],[143.0157,-36.4824],[143.0198,-36.4827],[143.0212,-36.474],[143.0724,-36.4811],[143.0758,-36.4858],[143.085,-36.4868],[143.121,-36.5054],[143.1123,-36.5549],[143.0848,-36.5503],[143.0754,-36.6094],[143.0572,-36.6075],[143.0525,-36.6369],[143.0342,-36.635],[143.0319,-36.6493],[143.0141,-36.6475],[143.0081,-36.6858],[142.9973,-36.6846],[142.9973,-36.6973],[142.988,-36.6975],[142.9858,-36.7452],[142.9651,-36.7451],[142.9651,-36.7501],[142.9715,-36.7574],[142.9661,-36.7612],[142.9689,-36.7639],[142.9687,-36.7855],[142.9841,-36.7824],[142.9842,-36.7983],[142.9737,-36.7983],[142.9736,-36.8122],[142.9927,-36.8122],[142.9309,-36.8559],[142.9314,-36.862],[142.949,-36.8618],[142.9534,-36.8657],[142.9545,-36.8608],[142.9957,-36.8607],[143.0229,-36.8418],[143.006,-36.8127],[143.0313,-36.813],[143.0316,-36.806],[143.0906,-36.8126],[143.0906,-36.8295],[143.1084,-36.8316],[143.1039,-36.8438],[143.116,-36.864],[143.1124,-36.8817],[143.1133,-36.8983],[143.1071,-36.8986],[143.1049,-36.9114],[143.0631,-36.9356],[143.0585,-36.9594],[143.0586,-36.982],[143.0322,-36.982],[143.0321,-36.9973],[143.0417,-37.0054],[143.0417,-37.0417],[142.9683,-37.0418],[142.9682,-37.0271],[142.95,-37.0271],[142.9501,-37.0126],[142.9316,-37.0124],[142.9313,-36.9976],[142.8906,-36.9972],[142.8895,-36.9898],[142.879,-36.987],[142.8824,-36.9829],[142.8804,-36.9689],[142.9202,-36.9539],[142.9397,-36.9512],[142.9423,-36.9402],[142.9312,-36.9379],[142.9312,-36.9119],[142.9125,-36.9119],[142.9125,-36.8975],[142.9098,-36.8975],[142.9112,-36.8955],[142.9035,-36.8853],[142.8676,-36.8854],[142.8675,-36.846],[142.8404,-36.8259],[142.7852,-36.8172],[142.7851,-36.7616],[142.6673,-36.7614],[142.6669,-36.6981],[142.6767,-36.6981],[142.6767,-36.6688],[142.7041,-36.6688],[142.7041,-36.6539],[142.7315,-36.654],[142.7314,-36.6395],[142.7637,-36.6397],[142.7635,-36.5891],[142.7676,-36.585],[142.7675,-36.5699],[142.816,-36.5726],[142.8206,-36.5619],[142.8126,-36.561],[142.8147,-36.5448],[142.824,-36.5457],[142.8292,-36.5089]]],[[[142.0279,-35.9978],[142.0278,-35.9103],[142.0587,-35.9103],[142.0605,-35.8536],[142.0952,-35.8535],[142.0953,-35.8245],[142.1316,-35.8246],[142.1316,-35.7952],[142.1675,-35.7952],[142.1675,-35.7662],[142.2395,-35.7662],[142.2395,-35.7586],[142.4572,-35.7597],[142.4573,-35.7756],[142.5291,-35.7754],[142.5291,-35.7493],[142.6011,-35.749],[142.6012,-35.758],[142.7208,-35.7581],[142.731,-35.7646],[142.7797,-35.8246],[142.7803,-35.8524],[142.7872,-35.8567],[142.797,-35.8999],[142.7975,-35.9937],[142.7969,-35.9979],[142.7791,-35.998],[142.7596,-36.1068],[142.7653,-36.1074],[142.767,-36.1217],[142.7565,-36.1205],[142.7519,-36.1465],[142.7438,-36.1456],[142.7425,-36.1527],[142.7478,-36.1533],[142.746,-36.1638],[142.7366,-36.1656],[142.7321,-36.1953],[142.6963,-36.1953],[142.6961,-36.2241],[142.6672,-36.2241],[142.6672,-36.2416],[142.6315,-36.2398],[142.6315,-36.2688],[142.5945,-36.2662],[142.5944,-36.2827],[142.5763,-36.2827],[142.5758,-36.3748],[142.5679,-36.3748],[142.5679,-36.4127],[142.5637,-36.4127],[142.5637,-36.4247],[142.5545,-36.4246],[142.5698,-36.449],[142.3505,-36.4494],[142.3433,-36.4403],[142.2437,-36.4401],[142.198,-36.4376],[142.175,-36.4327],[142.1184,-36.4323],[142.1179,-36.3254],[142.1226,-36.3216],[142.1227,-36.3054],[142.1189,-36.3047],[142.119,-36.2746],[142.1145,-36.2746],[142.1147,-36.2405],[142.0968,-36.2405],[142.0971,-36.1937],[142.0928,-36.1775],[142.0928,-36.155],[142.0696,-36.155],[142.0721,-36.056],[142.0359,-36.056],[142.0356,-35.9978],[142.0279,-35.9978]]]]},"properties":{"code":"V3/V4","name":"Western","state":"VIC","status":"Declared","status_colour":"#3fb950","declaration":"Declared by Victorian ministerial order, 29 May 2026.","network_projects":"Western Renewables Link (WRL) - Anticipated, Nov 2029 | VNI West (Victoria - NSW Interconnector West) - Actionable, Nov 2031","note":"","boundary_source":"VicGrid declared boundary","source":"2026 ISP Appendix A3 (June 2026) REZ list"}},{"type":"Feature","geometry":{"type":"MultiPolygon","coordinates":[[[[144.7308,-36.7058],[144.5125,-36.7506],[144.5072,-36.7487],[144.5034,-36.7412],[144.5152,-36.7285],[144.5292,-36.7016],[144.5402,-36.6641],[144.5491,-36.6494],[144.5725,-36.619],[144.5949,-36.602],[144.6197,-36.5966],[144.7575,-36.5942],[144.8175,-36.5877],[144.853,-36.5756],[144.8914,-36.5568],[145.0299,-36.4747],[145.0607,-36.4694],[145.1097,-36.4717],[145.061,-36.5031],[144.9808,-36.5639],[144.9619,-36.5841],[144.9306,-36.6303],[144.9043,-36.6495],[144.8609,-36.667],[144.7902,-36.6852],[144.7308,-36.7058]]],[[[145.5601,-36.3552],[145.5696,-36.341],[145.5835,-36.3338],[145.5872,-36.3252],[145.6141,-36.3159],[145.636,-36.3025],[145.7614,-36.336],[145.875,-36.3563],[145.9768,-36.392],[145.9982,-36.4038],[146.0101,-36.4256],[146.0247,-36.4852],[146.0338,-36.4958],[146.0488,-36.5034],[146.0692,-36.5045],[146.093,-36.498],[146.1179,-36.4846],[146.1568,-36.4544],[146.1734,-36.4484],[146.1814,-36.4502],[146.1865,-36.4541],[146.1876,-36.4597],[146.1755,-36.4706],[146.1752,-36.483],[146.1783,-36.4931],[146.1923,-36.5078],[146.19,-36.5189],[146.192,-36.5451],[146.1895,-36.5499],[146.1304,-36.566],[146.0597,-36.5648],[146.0386,-36.5548],[145.9714,-36.4807],[145.9565,-36.4691],[145.9424,-36.4636],[145.7134,-36.4184],[145.5376,-36.4148],[145.5345,-36.4033],[145.5566,-36.3808],[145.5601,-36.3552]]]]},"properties":{"code":"V7","name":"Central North","state":"VIC","status":"Proposed (state)","status_colour":"#d29922","declaration":"","network_projects":"","note":"Proposed in the 2025 Victorian Transmission Plan; NOT declared in May 2026 - consultation continues.","boundary_source":"VicGrid proposed boundary (2025 VTP)","source":"2026 ISP Appendix A3 (June 2026) REZ list"}},{"type":"Feature","geometry":{"type":"Polygon","coordinates":[[[152.6911,-32.7172],[152.6523,-32.7594],[152.6907,-32.7838],[152.7665,-32.7012],[152.8645,-32.7012],[152.8053,-32.8412],[152.6554,-33.0277],[152.3187,-33.2816],[152.2402,-33.2816],[152.1286,-33.1321],[152.1824,-33.0933],[152.2276,-33.051],[152.2682,-33.0002],[152.3021,-32.9377],[152.6911,-32.7172]]]},"properties":{"code":"N10","name":"Hunter Coast (offshore)","state":"NSW","status":"Declared offshore area","status_colour":"#39c5cf","declaration":"Commonwealth offshore wind area OEI-01-2023, declared 12/07/2023.","network_projects":"","note":"","boundary_source":"Geoscience Australia (OEI-01-2023)","source":"2026 ISP Appendix A3 (June 2026) REZ list"}},{"type":"Feature","geometry":{"type":"Polygon","coordinates":[[[146.4253,-40.0492],[146.2825,-40.0471],[146.1412,-40.031],[146.0035,-40.001],[145.9367,-39.981],[145.8595,-39.9528],[146.1104,-39.2644],[146.134,-39.266],[146.9301,-39.9509],[146.8002,-39.9939],[146.695,-40.0184],[146.5667,-40.0376],[146.4253,-40.0492]]]},"properties":{"code":"V8","name":"Gippsland Offshore","state":"VIC","status":"Declared offshore area","status_colour":"#39c5cf","declaration":"Commonwealth offshore wind area OEI-01-2022 Part 3, declared 19/12/2022.","network_projects":"Gippsland Offshore Wind Transmission Project - Actionable, Jul 2031 (Stage 1); Jul 2033; Jul 2038","note":"","boundary_source":"Geoscience Australia (OEI-01-2022 Part 3)","source":"2026 ISP Appendix A3 (June 2026) REZ list"}},{"type":"Feature","geometry":{"type":"Polygon","coordinates":[[[147.6373,-39.3243],[147.5542,-39.3836],[147.1554,-39.1145],[148.18,-38.83],[148.2716,-38.8021],[147.8739,-39.1187],[147.7672,-39.2165],[147.6373,-39.3243]]]},"properties":{"code":"V8","name":"Gippsland Offshore","state":"VIC","status":"Declared offshore area","status_colour":"#39c5cf","declaration":"Commonwealth offshore wind area OEI-01-2022 Part 2, declared 19/12/2022.","network_projects":"Gippsland Offshore Wind Transmission Project - Actionable, Jul 2031 (Stage 1); Jul 2033; Jul 2038","note":"","boundary_source":"Geoscience Australia (OEI-01-2022 Part 2)","source":"2026 ISP Appendix A3 (June 2026) REZ list"}},{"type":"Feature","geometry":{"type":"Polygon","coordinates":[[[148.5179,-38.1318],[148.5534,-38.2294],[148.4564,-38.3137],[148.4089,-38.3787],[148.3439,-38.5137],[148.3264,-38.5712],[148.3128,-38.6384],[148.2917,-38.6416],[148.22,-38.6833],[148.1217,-38.7133],[146.9104,-38.9948],[146.7779,-38.9327],[146.695,-38.8429],[146.7424,-38.8226],[146.7631,-38.8047],[146.7719,-38.7901],[146.7814,-38.7825],[146.8174,-38.7699],[146.8503,-38.7669],[146.8978,-38.7519],[146.9919,-38.678],[147.1344,-38.5506],[147.2491,-38.4579],[147.3238,-38.4019],[147.3963,-38.3687],[147.4523,-38.3305],[147.499,-38.2852],[147.536,-38.2322],[147.5428,-38.2266],[147.7221,-38.1016],[147.7836,-38.0647],[147.8701,-38.0232],[147.9416,-37.9973],[148.4013,-38.0818],[148.5179,-38.1318]]]},"properties":{"code":"V8","name":"Gippsland Offshore","state":"VIC","status":"Declared offshore area","status_colour":"#39c5cf","declaration":"Commonwealth offshore wind area OEI-01-2022 Part 1, declared 19/12/2022.","network_projects":"Gippsland Offshore Wind Transmission Project - Actionable, Jul 2031 (Stage 1); Jul 2033; Jul 2038","note":"","boundary_source":"Geoscience Australia (OEI-01-2022 Part 1)","source":"2026 ISP Appendix A3 (June 2026) REZ list"}},{"type":"Feature","geometry":{"type":"Polygon","coordinates":[[[142.0324,-38.7209],[142.0634,-38.5986],[142.114,-38.5814],[142.155,-38.5572],[142.2174,-38.5705],[142.2767,-38.5698],[142.3355,-38.5566],[142.362,-38.5458],[142.3959,-38.5258],[142.4299,-38.5359],[142.4751,-38.5402],[142.5322,-38.5734],[142.5748,-38.6047],[142.5748,-38.6123],[142.3769,-38.8484],[142.0324,-38.7209]]]},"properties":{"code":"V9","name":"Southern Ocean (offshore)","state":"VIC","status":"Declared offshore area","status_colour":"#39c5cf","declaration":"Commonwealth offshore wind area OEI-01-2024 Part 1, declared 06/03/2024.","network_projects":"","note":"","boundary_source":"Geoscience Australia (OEI-01-2024 Part 1)","source":"2026 ISP Appendix A3 (June 2026) REZ list"}},{"type":"Feature","geometry":{"type":"Polygon","coordinates":[[[151.13,-34.6061],[151.172,-34.345],[151.326,-34.2339],[151.4092,-34.2232],[151.5289,-34.3178],[151.4073,-34.4596],[151.2899,-34.6747],[151.1984,-34.6748],[151.2069,-34.6179],[151.2237,-34.5852],[151.2092,-34.5834],[151.1872,-34.6061],[151.13,-34.6061]]]},"properties":{"code":"N11","name":"Illawarra Coast (offshore)","state":"NSW","status":"Declared offshore area","status_colour":"#39c5cf","declaration":"Commonwealth offshore wind area OEI-02-2024 Part 1, declared 11/06/2024.","network_projects":"","note":"","boundary_source":"Geoscience Australia (OEI-02-2024 Part 1)","source":"2026 ISP Appendix A3 (June 2026) REZ list"}},{"type":"Feature","geometry":{"type":"Polygon","coordinates":[[[146.9727,-40.7004],[147.1703,-40.1545],[147.6152,-40.5309],[147.615,-40.5639],[146.9727,-40.7004]]]},"properties":{"code":"T4","name":"North Tasmania Coast (offshore)","state":"TAS","status":"Declared offshore area","status_colour":"#39c5cf","declaration":"Commonwealth offshore wind area OEI-04-2024 Part 2, declared 2024.","network_projects":"","note":"","boundary_source":"Geoscience Australia (OEI-04-2024 Part 2)","source":"2026 ISP Appendix A3 (June 2026) REZ list"}},{"type":"Feature","geometry":{"type":"Polygon","coordinates":[[[146.9545,-39.9717],[146.6739,-40.7639],[146.4707,-40.8071],[146.2396,-40.723],[145.8212,-40.0554],[145.8595,-39.9528],[145.9699,-39.9915],[146.1063,-40.0248],[146.2115,-40.0408],[146.3539,-40.0499],[146.4966,-40.0449],[146.6593,-40.0248],[146.8002,-39.9939],[146.9301,-39.9509],[146.9545,-39.9717]]]},"properties":{"code":"T4","name":"North Tasmania Coast (offshore)","state":"TAS","status":"Declared offshore area","status_colour":"#39c5cf","declaration":"Commonwealth offshore wind area OEI-04-2024 Part 1, declared 2024.","network_projects":"","note":"","boundary_source":"Geoscience Australia (OEI-04-2024 Part 1)","source":"2026 ISP Appendix A3 (June 2026) REZ list"}},{"type":"Feature","geometry":{"type":"Polygon","coordinates":[[[146.1349,-17.6526],[146.0973,-17.9676],[146.0072,-18.1253],[145.8618,-18.2063],[145.5634,-17.888],[145.4221,-17.6478],[145.3034,-17.407],[145.0382,-16.9994],[144.9198,-16.6522],[144.8434,-16.3984],[144.7532,-16.1178],[144.6693,-15.7636],[144.5287,-15.3282],[144.4441,-15.0262],[144.3377,-14.6761],[144.2881,-14.4805],[144.3156,-14.3125],[144.437,-14.2475],[144.525,-14.2638],[144.7317,-14.5137],[144.989,-14.7578],[145.2211,-14.8326],[145.346,-14.9492],[145.3535,-14.9796],[145.3354,-15.2433],[145.482,-16.2575],[145.5638,-16.6327],[145.9392,-16.8782],[146.0712,-17.3827],[146.1349,-17.6526]]]},"properties":{"code":"Q1","name":"Far North Queensland","state":"QLD","status":"ISP candidate","status_colour":"#8b949e","declaration":"","network_projects":"","note":"","boundary_source":"AEMO indicative boundary (2022 IASR)","source":"2026 ISP Appendix A3 (June 2026) REZ list"}},{"type":"Feature","geometry":{"type":"Polygon","coordinates":[[[143.7201,-16.9794],[143.8795,-16.9855],[144.0322,-17.0093],[144.1281,-17.0316],[144.2584,-17.0707],[144.3709,-17.1151],[144.5039,-17.1818],[144.6513,-17.2686],[144.7967,-17.3762],[144.9444,-17.5017],[145.0709,-17.6292],[145.1664,-17.7406],[145.2843,-17.893],[145.4202,-18.1032],[145.5079,-18.2671],[145.5977,-18.4688],[145.674,-18.6998],[145.7387,-18.9899],[145.8006,-19.3367],[145.8133,-19.5745],[145.781,-19.9423],[145.6706,-20.3105],[145.5281,-20.5584],[145.3799,-20.7324],[145.1288,-20.9192],[144.9084,-21.0212],[144.7003,-21.0849],[144.3245,-21.1305],[144.0624,-21.1237],[143.8524,-21.0724],[143.6369,-20.99],[143.3157,-20.7889],[142.9779,-20.4493],[142.7507,-20.1352],[142.5585,-19.7579],[142.4584,-19.4739],[142.3846,-19.2206],[142.344,-19.0011],[142.3229,-18.8314],[142.3109,-18.4968],[142.3204,-18.3073],[142.3574,-18.0916],[142.4241,-17.8646],[142.5124,-17.6595],[142.6669,-17.4356],[142.8011,-17.2996],[142.9429,-17.194],[143.091,-17.1217],[143.2136,-17.0703],[143.3568,-17.0271],[143.5303,-16.9891],[143.7201,-16.9794]]]},"properties":{"code":"Q2","name":"Hughenden Hub","state":"QLD","status":"ISP candidate","status_colour":"#8b949e","declaration":"","network_projects":"CopperString (Eastern Link) - Anticipated, 2032","note":"Renamed from North Qld Clean Energy Hub in the 2026 ISP; CopperString adds 1,400 MW.","boundary_source":"AEMO indicative boundary (2022 IASR)","source":"2026 ISP Appendix A3 (June 2026) REZ list"}},{"type":"Feature","geometry":{"type":"Polygon","coordinates":[[[146.2778,-18.7192],[146.2826,-18.7564],[146.274,-18.8122],[146.2734,-18.87],[146.338,-18.965],[146.3514,-18.9691],[146.3783,-19.0059],[146.3961,-19.0027],[146.4656,-19.0815],[146.5931,-19.1453],[146.6381,-19.1762],[146.7026,-19.1949],[146.7374,-19.1847],[146.7777,-19.1946],[146.8251,-19.2638],[146.8452,-19.2738],[146.8843,-19.3001],[146.9525,-19.3022],[146.971,-19.2844],[146.9895,-19.2579],[147.0107,-19.2351],[147.0238,-19.211],[147.013,-19.1794],[147.0328,-19.2002],[147.0578,-19.2565],[147.0609,-19.2768],[147.0499,-19.273],[147.0473,-19.2963],[147.0594,-19.3194],[147.088,-19.3653],[147.1545,-19.4065],[147.1747,-19.446],[147.2006,-19.5208],[147.2122,-19.5861],[147.2068,-19.6545],[147.1791,-19.7136],[147.1432,-19.7518],[147.1061,-19.7739],[147.0528,-19.7894],[146.9843,-19.7956],[146.9035,-19.7895],[146.8218,-19.773],[146.7459,-19.7525],[146.6631,-19.7252],[146.5562,-19.6841],[146.4493,-19.6338],[146.3689,-19.5893],[146.2665,-19.5241],[146.1764,-19.4604],[146.0923,-19.396],[146.0095,-19.3236],[145.8953,-19.2081],[145.8039,-19.0971],[145.7747,-19.0559],[145.7459,-18.9921],[145.6884,-18.7436],[145.6888,-18.7112],[145.7136,-18.6715],[145.7315,-18.65],[145.7635,-18.6266],[145.8406,-18.6024],[145.9227,-18.5952],[146.0329,-18.6084],[146.1903,-18.6521],[146.2523,-18.6858],[146.2778,-18.7192]]]},"properties":{"code":"Q3","name":"Northern Queensland","state":"QLD","status":"ISP candidate","status_colour":"#8b949e","declaration":"","network_projects":"Central to North Queensland Reinforcement (Stage 1) - Actionable, Jul 2031","note":"Q10 Collinsville (new in the 2026 ISP, between Collinsville and Mackay) has no published boundary yet.","boundary_source":"AEMO indicative boundary (2022 IASR)","source":"2026 ISP Appendix A3 (June 2026) REZ list"}},{"type":"Feature","geometry":{"type":"Polygon","coordinates":[[[147.6437,-19.9401],[147.7143,-19.9458],[147.7631,-19.9343],[147.794,-19.935],[147.8472,-19.9236],[147.9443,-19.9213],[148.0327,-19.9063],[148.0547,-19.9067],[148.3998,-20.1656],[148.4342,-20.0646],[148.524,-20.0699],[148.9158,-20.4979],[148.8644,-20.5423],[148.7875,-20.4433],[148.6993,-20.4799],[148.6884,-20.6194],[149.1955,-21.0632],[149.4656,-21.5492],[149.4575,-21.8505],[149.7532,-22.447],[149.9917,-22.6223],[149.9221,-22.321],[150.0295,-22.1159],[150.1879,-22.3255],[150.1993,-22.463],[150.1698,-22.6538],[150.0867,-22.785],[149.842,-22.9429],[149.3371,-23.0152],[148.925,-22.942],[148.8489,-22.933],[148.8176,-22.9244],[148.7639,-22.9197],[148.5403,-22.8842],[148.46,-22.8584],[148.4198,-22.8497],[148.3887,-22.8368],[148.3395,-22.828],[148.3129,-22.8153],[148.2416,-22.7896],[148.2239,-22.7769],[148.1483,-22.7511],[148.1131,-22.7175],[148.0863,-22.713],[148.0111,-22.6705],[147.9801,-22.6495],[147.9362,-22.6035],[147.8258,-22.5051],[147.7652,-22.3907],[147.6668,-22.2358],[147.5597,-22.0557],[147.4837,-21.8432],[147.3349,-21.5459],[147.2661,-21.2417],[147.2644,-20.8076],[147.3329,-20.4423],[147.4429,-20.188],[147.5211,-20.0632],[147.6437,-19.9401]]]},"properties":{"code":"Q4","name":"Isaac","state":"QLD","status":"ISP candidate","status_colour":"#8b949e","declaration":"","network_projects":"Central to North Queensland Reinforcement (Stage 1) - Actionable, Jul 2031 | Central to North Queensland Reinforcement (Stage 2) - Future, 2042-43 (Step Change)","note":"The 2026 ISP moves Isaac further south (between Mackay and Rockhampton) and creates Q10 Collinsville from its northern part; this outline is the older AEMO 2022 shape.","boundary_source":"AEMO indicative boundary (2022 IASR)","source":"2026 ISP Appendix A3 (June 2026) REZ list"}},{"type":"Feature","geometry":{"type":"Polygon","coordinates":[[[145.8209,-23.8428],[145.7004,-23.8674],[145.5733,-23.8644],[145.4571,-23.8304],[145.3401,-23.7734],[145.2341,-23.6907],[145.1089,-23.5425],[145.0019,-23.3621],[144.943,-23.1969],[144.8882,-22.9462],[144.8806,-22.7962],[144.8857,-22.7116],[144.9035,-22.5551],[144.933,-22.4392],[144.9858,-22.2837],[145.0277,-22.1937],[145.0777,-22.1173],[145.1458,-22.0362],[145.2274,-21.9672],[145.33,-21.9071],[145.49,-21.8648],[145.6167,-21.8694],[145.7473,-21.9082],[145.8667,-21.9721],[145.9259,-22.0166],[145.9872,-22.0714],[146.0959,-22.2032],[146.1611,-22.3143],[146.2088,-22.4193],[146.2654,-22.5853],[146.3003,-22.7595],[146.3112,-22.9153],[146.3006,-23.1302],[146.2708,-23.2895],[146.2252,-23.4105],[146.1641,-23.5415],[146.0512,-23.6912],[145.9414,-23.7808],[145.8209,-23.8428]]]},"properties":{"code":"Q5","name":"Barcaldine","state":"QLD","status":"ISP candidate","status_colour":"#8b949e","declaration":"","network_projects":"","note":"","boundary_source":"AEMO indicative boundary (2022 IASR)","source":"2026 ISP Appendix A3 (June 2026) REZ list"}},{"type":"Feature","geometry":{"type":"Polygon","coordinates":[[[149.9586,-24.1538],[149.9331,-23.9998],[149.9169,-23.8438],[149.9122,-23.6986],[149.9012,-23.5196],[149.9245,-23.3597],[149.9772,-23.2107],[150.0346,-23.0697],[150.1276,-22.9945],[150.2704,-22.9702],[150.3987,-23.0028],[150.7348,-23.1441],[150.8637,-23.2904],[151.045,-23.4776],[151.204,-23.698],[151.3322,-23.9101],[151.3958,-24.143],[151.4186,-24.2968],[151.4506,-24.4633],[151.426,-24.6626],[151.2772,-24.7864],[151.0953,-24.8389],[150.9095,-24.8454],[150.6689,-24.7972],[150.4487,-24.7036],[150.2892,-24.5777],[150.1894,-24.5146],[150.1082,-24.4517],[150.064,-24.3357],[149.9966,-24.2545],[149.9586,-24.1538]]]},"properties":{"code":"Q6","name":"Fitzroy","state":"QLD","status":"ISP candidate","status_colour":"#8b949e","declaration":"","network_projects":"","note":"","boundary_source":"AEMO indicative boundary (2022 IASR)","source":"2026 ISP Appendix A3 (June 2026) REZ list"}},{"type":"Feature","geometry":{"type":"Polygon","coordinates":[[[152.6274,-26.5627],[152.5481,-26.558],[152.5051,-26.5493],[152.4593,-26.5279],[152.4026,-26.4683],[152.361,-26.4124],[152.2609,-26.3009],[152.1644,-26.1754],[152.0904,-26.0337],[152.0654,-25.9602],[152.0467,-25.884],[152.0191,-25.5682],[152.0323,-25.5377],[152.0322,-25.5194],[152.0454,-25.4889],[152.065,-25.4096],[152.0849,-25.3851],[152.0844,-25.3119],[152.0909,-25.2875],[152.0994,-25.2716],[152.0993,-25.2545],[152.1258,-25.2202],[152.1273,-25.2102],[152.1367,-25.2073],[152.1616,-25.1743],[152.1851,-25.1585],[152.2332,-25.0925],[152.2709,-25.0657],[152.2504,-25.0848],[152.2467,-25.095],[152.2105,-25.134],[152.1773,-25.1709],[152.2438,-25.1032],[152.2467,-25.095],[152.2969,-25.0355],[152.3502,-24.9982],[152.4104,-24.9732],[152.4439,-24.9728],[152.4639,-24.9665],[152.4774,-24.9663],[152.5283,-24.9769],[152.6925,-25.104],[152.7894,-25.1634],[152.8649,-25.241],[152.9228,-25.3243],[152.9699,-25.4089],[153.0013,-25.4889],[153.092,-25.7728],[153.1287,-25.9058],[153.1079,-26.0587],[153.0855,-26.1553],[153.0563,-26.2107],[153.0436,-26.25],[153.0145,-26.2851],[152.998,-26.3123],[152.9764,-26.3401],[152.9523,-26.3635],[152.9186,-26.3819],[152.8681,-26.4224],[152.8465,-26.4459],[152.8126,-26.4733],[152.751,-26.517],[152.708,-26.5405],[152.6693,-26.5557],[152.6274,-26.5627]]]},"properties":{"code":"Q7","name":"Wide Bay","state":"QLD","status":"ISP candidate","status_colour":"#8b949e","declaration":"","network_projects":"","note":"","boundary_source":"AEMO indicative boundary (2022 IASR)","source":"2026 ISP Appendix A3 (June 2026) REZ list"}},{"type":"Feature","geometry":{"type":"Polygon","coordinates":[[[150.852,-26.2919],[151.2553,-26.3496],[151.487,-26.3753],[151.5661,-26.3764],[151.7225,-26.3962],[151.8667,-26.4447],[151.9775,-26.5139],[152.1432,-26.6624],[152.2526,-26.8103],[152.3528,-27.022],[152.4206,-27.2697],[152.4455,-27.5454],[152.416,-27.8191],[152.388,-27.9435],[152.347,-28.0673],[152.312,-28.1567],[152.2528,-28.2702],[152.1736,-28.3916],[152.0409,-28.5146],[151.9202,-28.6093],[151.7829,-28.6796],[151.6475,-28.7375],[151.5054,-28.7611],[151.3229,-28.753],[151.1313,-28.6822],[150.9395,-28.5558],[150.7888,-28.3883],[150.7243,-28.2904],[150.6741,-28.2018],[150.7014,-28.0179],[150.772,-27.6587],[150.7684,-27.5224],[150.7137,-27.3558],[150.62,-27.2309],[150.4837,-27.1211],[150.0629,-26.9851],[150.0238,-26.9614],[149.994,-26.9378],[149.9548,-26.9191],[149.9157,-26.8937],[149.8767,-26.8583],[149.8712,-26.8482],[149.8379,-26.8112],[149.8249,-26.7926],[149.8139,-26.7675],[149.8149,-26.6738],[149.823,-26.6187],[149.8288,-26.602],[149.8292,-26.5534],[149.8351,-26.5283],[149.8634,-26.4968],[149.8768,-26.4717],[149.8862,-26.4584],[149.8938,-26.4535],[149.9014,-26.4368],[149.9259,-26.4135],[149.9522,-26.397],[149.9859,-26.382],[150.0594,-26.3085],[150.08,-26.3019],[150.2015,-26.286],[150.407,-26.2867],[150.4294,-26.2901],[150.4892,-26.2903],[150.5191,-26.2954],[150.5527,-26.3056],[150.6275,-26.3124],[150.6424,-26.3175],[150.7634,-26.3112],[150.852,-26.2919]]]},"properties":{"code":"Q8","name":"Darling Downs","state":"QLD","status":"ISP candidate","status_colour":"#8b949e","declaration":"","network_projects":"South West to South East Queensland Reinforcement - Future, 2041-42 (Step Change) | Brisbane Area 275 kV Reinforcement - Actionable, Jun 2032","note":"","boundary_source":"AEMO indicative boundary (2022 IASR)","source":"2026 ISP Appendix A3 (June 2026) REZ list"}},{"type":"Feature","geometry":{"type":"Polygon","coordinates":[[[149.1381,-23.3149],[149.3318,-23.3527],[149.5743,-23.5268],[149.6274,-23.7081],[149.6753,-23.9174],[149.7044,-24.0871],[149.7272,-24.1823],[149.7871,-24.2764],[149.8117,-24.305],[149.8288,-24.3337],[149.8613,-24.3694],[149.8704,-24.3909],[149.9199,-24.4549],[149.9761,-24.5113],[149.9925,-24.5325],[150.0027,-24.5681],[150.0371,-24.6317],[150.1101,-24.7224],[150.1332,-24.736],[150.1573,-24.7638],[150.3416,-24.8794],[150.3943,-24.8993],[150.4172,-24.9128],[150.4994,-24.9388],[150.5672,-24.9717],[150.5904,-24.9919],[150.6957,-25.0444],[150.7696,-25.0629],[150.7995,-25.0758],[150.8587,-25.0947],[150.932,-25.1062],[150.9839,-25.1252],[151.0133,-25.1311],[151.0431,-25.1439],[151.0724,-25.1498],[151.1315,-25.1684],[151.1901,-25.1802],[151.2045,-25.1797],[151.227,-25.1927],[151.3079,-25.2173],[151.4039,-25.2547],[151.4198,-25.2814],[151.4497,-25.3008],[151.5122,-25.3936],[151.5286,-25.4336],[151.5386,-25.6285],[151.5157,-25.743],[151.5106,-25.7831],[151.512,-25.8097],[151.4926,-25.8502],[151.4676,-25.9174],[151.4347,-25.9714],[151.4076,-25.9988],[151.3802,-26.0195],[151.3242,-26.0412],[151.2961,-26.0488],[151.2463,-26.0506],[151.19,-26.0657],[150.8836,-26.0761],[150.7901,-26.066],[150.5829,-26.0721],[150.5324,-26.067],[150.3607,-26.0717],[150.3173,-26.0663],[150.2026,-26.0692],[150.1591,-26.0637],[150.1079,-26.0518],[150.0577,-26.0529],[149.9777,-26.0416],[149.8816,-26.0108],[149.8518,-25.9982],[149.8374,-25.9985],[149.8081,-25.9926],[149.7782,-25.98],[149.7494,-25.9806],[149.705,-25.9682],[149.6617,-25.969],[149.6245,-25.9565],[149.6101,-25.9568],[149.5806,-25.9507],[149.5506,-25.938],[149.5061,-25.9255],[149.446,-25.9001],[149.4316,-25.9003],[149.3473,-25.8485],[149.2845,-25.796],[149.2283,-25.7366],[149.1714,-25.6703],[149.0844,-25.5972],[149.0178,-25.5099],[148.994,-25.4898],[148.9688,-25.456],[148.917,-25.4348],[148.8503,-25.3684],[148.8003,-25.3071],[148.7559,-25.2315],[148.7317,-25.211],[148.7053,-25.1695],[148.6715,-25.128],[148.6598,-25.0863],[148.6347,-25.0585],[148.5806,-24.9674],[148.5464,-24.9252],[148.5278,-24.89],[148.483,-24.8194],[148.4613,-24.7555],[148.4426,-24.7199],[148.4088,-24.6843],[148.3773,-24.6176],[148.3742,-24.6001],[148.359,-24.5695],[148.3473,-24.4898],[148.3328,-24.4411],[148.3321,-24.4241],[148.3257,-24.403],[148.3284,-24.3593],[148.3252,-24.3301],[148.3145,-24.3009],[148.3171,-24.2568],[148.3072,-24.1684],[148.2912,-23.75],[148.3055,-23.5368],[148.4803,-23.3838],[148.6824,-23.3383],[148.9093,-23.3152],[149.1381,-23.3149]]]},"properties":{"code":"Q9","name":"Banana","state":"QLD","status":"ISP candidate","status_colour":"#8b949e","declaration":"","network_projects":"","note":"","boundary_source":"AEMO indicative boundary (2022 IASR)","source":"2026 ISP Appendix A3 (June 2026) REZ list"}},{"type":"Feature","geometry":{"type":"Polygon","coordinates":[[[149.6386,-28.7806],[149.7124,-28.737],[149.811,-28.7114],[149.8937,-28.7103],[149.9958,-28.7208],[150.0901,-28.7483],[150.1475,-28.7843],[150.186,-28.8231],[150.2221,-28.8726],[150.2696,-28.9862],[150.2949,-29.0917],[150.3165,-29.2793],[150.3325,-29.7142],[150.3369,-30.1201],[150.3348,-30.4408],[150.3151,-30.5887],[150.2832,-30.7055],[150.2572,-30.7748],[150.2011,-30.879],[150.1383,-30.9487],[150.0515,-31.0048],[149.9778,-31.0361],[149.9038,-31.0544],[149.8269,-31.0616],[149.7323,-31.0593],[149.6254,-31.0434],[149.5403,-31.0199],[149.4691,-30.9829],[149.4139,-30.933],[149.3605,-30.8458],[149.3189,-30.7252],[149.2968,-30.6037],[149.2917,-30.4901],[149.2895,-30.3026],[149.3152,-29.7919],[149.338,-29.5428],[149.3807,-29.3171],[149.4639,-29.0207],[149.527,-28.9031],[149.5777,-28.8385],[149.6386,-28.7806]]]},"properties":{"code":"N1","name":"North West NSW","state":"NSW","status":"ISP candidate","status_colour":"#8b949e","declaration":"","network_projects":"","note":"South Cobar (N13, new in the 2026 ISP, ~100 MW on the Cobar 132 kV line) has no published boundary yet.","boundary_source":"AEMO indicative boundary (2022 IASR)","source":"2026 ISP Appendix A3 (June 2026) REZ list"}},{"type":"Feature","geometry":{"type":"Polygon","coordinates":[[[140.8535,-31.3812],[140.923,-31.3165],[141.1543,-31.1377],[141.3677,-31.0375],[141.6221,-30.9935],[141.8276,-31.0011],[142.0111,-31.0646],[142.1881,-31.1872],[142.3174,-31.3931],[142.3747,-31.6397],[142.3692,-31.917],[142.3033,-32.1344],[142.2222,-32.2992],[142.0392,-32.5603],[141.895,-32.7042],[141.7175,-32.8359],[141.5405,-32.9304],[141.3343,-32.9885],[141.1757,-33.0082],[141.0292,-32.9939],[140.9269,-32.9646],[140.7727,-32.8853],[140.6649,-32.7898],[140.5727,-32.6652],[140.5212,-32.5462],[140.4829,-32.3808],[140.4768,-32.2297],[140.5065,-32.0256],[140.5639,-31.831],[140.6757,-31.6102],[140.7892,-31.4573],[140.8535,-31.3812]]]},"properties":{"code":"N4","name":"Broken Hill","state":"NSW","status":"ISP candidate","status_colour":"#8b949e","declaration":"","network_projects":"","note":"","boundary_source":"AEMO indicative boundary (2022 IASR)","source":"2026 ISP Appendix A3 (June 2026) REZ list"}},{"type":"Feature","geometry":{"type":"Polygon","coordinates":[[[147.5364,-34.9165],[147.5812,-34.963],[147.6243,-35.0609],[147.6534,-35.1125],[147.6531,-35.121],[147.6654,-35.1609],[147.6722,-35.2326],[147.6712,-35.2905],[147.6191,-35.4452],[147.5817,-35.5171],[147.4511,-35.5615],[147.2327,-35.5873],[147.0049,-35.5939],[146.7546,-35.5529],[146.5104,-35.4792],[146.3198,-35.3743],[146.2571,-35.2326],[146.2889,-35.0234],[146.4035,-34.8335],[146.627,-34.7194],[146.8258,-34.7212],[147.0055,-34.7298],[147.1798,-34.7769],[147.294,-34.7943],[147.4099,-34.8371],[147.4235,-34.8525],[147.4481,-34.8574],[147.4766,-34.8721],[147.5028,-34.8957],[147.5364,-34.9165]]]},"properties":{"code":"N6","name":"Wagga Wagga","state":"NSW","status":"ISP candidate","status_colour":"#8b949e","declaration":"","network_projects":"HumeLink - Committed, Dec 2027 | Switching Station near Wondalga - Actionable, Apr 2031","note":"","boundary_source":"AEMO indicative boundary (2022 IASR)","source":"2026 ISP Appendix A3 (June 2026) REZ list"}},{"type":"Feature","geometry":{"type":"Polygon","coordinates":[[[148.3878,-34.942],[148.4712,-34.9211],[148.5755,-34.9244],[148.6381,-34.9348],[148.6863,-34.948],[148.7796,-34.9989],[148.8853,-35.0916],[148.9503,-35.1725],[149.0128,-35.2886],[149.0557,-35.4198],[149.0794,-35.529],[149.0961,-35.6735],[149.0803,-35.8436],[149.041,-36.0047],[148.9673,-36.1614],[148.8928,-36.2701],[148.7916,-36.3566],[148.6954,-36.4074],[148.5934,-36.4359],[148.4814,-36.4399],[148.4344,-36.4324],[148.3485,-36.4016],[148.2584,-36.352],[148.1697,-36.2712],[148.1115,-36.1936],[148.0214,-36.0305],[147.9809,-35.8703],[147.9661,-35.7326],[147.9773,-35.5905],[148.0011,-35.4154],[148.0303,-35.3104],[148.0933,-35.1885],[148.1922,-35.0625],[148.2859,-34.9917],[148.3878,-34.942]]]},"properties":{"code":"N7","name":"Tumut","state":"NSW","status":"ISP candidate","status_colour":"#8b949e","declaration":"","network_projects":"HumeLink - Committed, Dec 2027 | Switching Station near Wondalga - Actionable, Apr 2031","note":"","boundary_source":"AEMO indicative boundary (2022 IASR)","source":"2026 ISP Appendix A3 (June 2026) REZ list"}},{"type":"Feature","geometry":{"type":"Polygon","coordinates":[[[149.2924,-35.9234],[149.3326,-35.9177],[149.3912,-35.9201],[149.4525,-35.932],[149.5103,-35.9586],[149.5657,-35.9978],[149.6229,-36.0538],[149.6782,-36.1351],[149.7086,-36.2072],[149.7382,-36.3013],[149.7462,-36.4094],[149.7301,-36.4969],[149.6953,-36.5721],[149.6496,-36.6285],[149.5916,-36.6704],[149.5253,-36.6903],[149.4361,-36.6905],[149.3677,-36.6767],[149.2937,-36.6483],[149.2512,-36.6141],[149.1978,-36.5622],[149.1494,-36.486],[149.0976,-36.3646],[149.0845,-36.288],[149.0855,-36.2007],[149.1049,-36.1173],[149.132,-36.0349],[149.1829,-35.9753],[149.246,-35.9408],[149.2924,-35.9234]]]},"properties":{"code":"N8","name":"Cooma-Monaro","state":"NSW","status":"ISP candidate","status_colour":"#8b949e","declaration":"","network_projects":"","note":"","boundary_source":"AEMO indicative boundary (2022 IASR)","source":"2026 ISP Appendix A3 (June 2026) REZ list"}},{"type":"Feature","geometry":{"type":"Polygon","coordinates":[[[139.5483,-35.1482],[139.3797,-35.2148],[139.4621,-35.2012],[139.4751,-35.1896],[139.5168,-35.1883],[139.5579,-35.1815],[139.7238,-35.1761],[139.7661,-35.1859],[139.8451,-35.2224],[139.9181,-35.2702],[139.9392,-35.275],[140.0177,-35.3057],[140.0471,-35.327],[140.0921,-35.3699],[140.1141,-35.3858],[140.1297,-35.4076],[140.1889,-35.4555],[140.2114,-35.4769],[140.227,-35.4986],[140.2568,-35.5252],[140.2962,-35.5848],[140.3264,-35.6169],[140.4492,-35.7671],[140.4731,-35.8049],[140.5029,-35.8314],[140.5268,-35.8691],[140.5364,-35.9019],[140.5748,-35.95],[140.6234,-36.0363],[140.6551,-36.0847],[140.6725,-36.1281],[140.6954,-36.1546],[140.7592,-36.2566],[140.7679,-36.2782],[140.7835,-36.2996],[140.7941,-36.3432],[140.8102,-36.37],[140.8484,-36.5374],[140.8879,-36.7613],[140.8967,-36.9716],[140.9085,-37.11],[140.9093,-37.2775],[140.9246,-37.5117],[140.9121,-37.6607],[140.8455,-37.8355],[140.7439,-37.9009],[140.6971,-37.9647],[140.6373,-37.9923],[140.5661,-38.0044],[140.5374,-38.0003],[140.4786,-37.9515],[140.4072,-37.9231],[140.377,-37.8954],[140.2668,-37.7108],[140.1064,-37.5665],[140.1262,-37.5632],[140.1277,-37.541],[140.0363,-37.4754],[140.0077,-37.495],[139.7326,-37.1718],[139.7909,-37.127],[139.7399,-37.0743],[139.6828,-36.9505],[139.8226,-36.8675],[139.8577,-36.7818],[139.8549,-36.6755],[139.746,-36.3927],[139.5522,-36.0805],[139.3379,-35.8699],[139.3074,-35.4577],[139.3192,-35.4294],[139.3298,-35.3843],[139.3469,-35.3334],[139.3452,-35.3111],[139.3549,-35.2548],[139.3658,-35.2152],[139.3897,-35.1641],[139.4235,-35.1519],[139.5483,-35.1482]]]},"properties":{"code":"S1","name":"South East SA","state":"SA","status":"ISP candidate","status_colour":"#8b949e","declaration":"","network_projects":"","note":"","boundary_source":"AEMO indicative boundary (2022 IASR)","source":"2026 ISP Appendix A3 (June 2026) REZ list"}},{"type":"Feature","geometry":{"type":"Polygon","coordinates":[[[139.6253,-33.841],[139.6084,-33.8513],[139.6489,-33.8401],[139.6843,-33.8389],[139.7134,-33.833],[139.837,-33.8284],[139.8903,-33.8312],[139.9145,-33.84],[139.9923,-33.8563],[140.0755,-33.8676],[140.1297,-33.8847],[140.1593,-33.8883],[140.1839,-33.9018],[140.2439,-33.9186],[140.3894,-33.98],[140.4139,-33.9934],[140.4329,-34.0118],[140.469,-34.0247],[140.4946,-34.0525],[140.605,-34.1149],[140.643,-34.1516],[140.6767,-34.2078],[140.6863,-34.2555],[140.6894,-34.2939],[140.6714,-34.3129],[140.6309,-34.335],[140.5901,-34.3432],[140.543,-34.3478],[140.2408,-34.3296],[140.0284,-34.2918],[139.8632,-34.2409],[139.744,-34.209],[139.6576,-34.1721],[139.592,-34.1185],[139.5778,-34.0851],[139.5661,-33.9207],[139.5706,-33.9012],[139.6025,-33.8515],[139.6253,-33.841]]]},"properties":{"code":"S2","name":"Riverland","state":"SA","status":"ISP candidate","status_colour":"#8b949e","declaration":"","network_projects":"Project EnergyConnect Stage 2 - Committed, Nov 2027","note":"","boundary_source":"AEMO indicative boundary (2022 IASR)","source":"2026 ISP Appendix A3 (June 2026) REZ list"}},{"type":"Feature","geometry":{"type":"Polygon","coordinates":[[[138.5661,-31.804],[138.6219,-31.766],[138.6434,-31.7562],[138.6708,-31.7501],[138.7157,-31.7457],[138.7671,-31.7547],[138.8093,-31.7729],[138.8709,-31.8066],[138.9631,-31.9078],[138.9941,-31.95],[139.0398,-32.0209],[139.0767,-32.0882],[139.1711,-32.2941],[139.2881,-32.6691],[139.3434,-32.904],[139.3956,-33.1963],[139.4301,-33.4568],[139.4509,-33.6746],[139.459,-34.2134],[139.4337,-34.49],[139.397,-34.7434],[139.3428,-34.9496],[139.3044,-35.0303],[139.226,-35.1445],[139.1656,-35.196],[139.1146,-35.2109],[139.0495,-35.2126],[138.9877,-35.202],[138.9218,-35.1629],[138.7958,-35.0195],[138.7274,-34.9129],[138.6561,-34.7673],[138.5604,-34.5102],[138.4761,-34.2365],[138.4238,-33.9872],[138.391,-33.7913],[138.3618,-33.5904],[138.3373,-33.3055],[138.3741,-33.1171],[138.3937,-32.7143],[138.4134,-32.5714],[138.4092,-32.3185],[138.397,-32.169],[138.4406,-32.0188],[138.4838,-31.9248],[138.5372,-31.8379],[138.5661,-31.804]]]},"properties":{"code":"S3","name":"Mid-North SA","state":"SA","status":"ISP candidate","status_colour":"#8b949e","declaration":"","network_projects":"Northern Transmission Project (NTx) - Future, 2041-42 (Accelerated Transition only)","note":"","boundary_source":"AEMO indicative boundary (2022 IASR)","source":"2026 ISP Appendix A3 (June 2026) REZ list"}},{"type":"Feature","geometry":{"type":"Polygon","coordinates":[[[137.4704,-34.1896],[137.4453,-34.1459],[137.4545,-34.1384],[137.4957,-34.1404],[137.518,-34.134],[137.5381,-34.0769],[137.5553,-34.0578],[137.5625,-34.0392],[137.6267,-33.9785],[137.7158,-33.9033],[137.7771,-33.8605],[137.8514,-33.8167],[137.9418,-33.7849],[137.9784,-33.778],[138.0426,-33.7752],[138.0753,-33.7797],[138.1066,-33.7883],[138.1581,-33.8171],[138.194,-33.852],[138.2214,-33.8851],[138.2443,-33.9553],[138.2584,-34.0326],[138.2596,-34.1163],[138.2551,-34.1709],[138.2358,-34.2893],[138.2233,-34.3001],[138.2121,-34.2992],[138.2023,-34.2856],[138.1581,-34.2764],[138.1536,-34.2655],[138.1598,-34.2484],[138.1618,-34.2298],[138.1387,-34.1835],[138.113,-34.1604],[138.1092,-34.1437],[138.0844,-34.1383],[138.0508,-34.1709],[138.0368,-34.2121],[138.012,-34.2305],[138.0053,-34.2566],[138.0219,-34.2767],[138.0218,-34.3112],[138.0094,-34.354],[137.9746,-34.3779],[137.9141,-34.4437],[137.9066,-34.4782],[137.8946,-34.5006],[137.8968,-34.5329],[137.8894,-34.5664],[137.8783,-34.5909],[137.9074,-34.6156],[137.9054,-34.6329],[137.8864,-34.6538],[137.8807,-34.6728],[137.8815,-34.6963],[137.8718,-34.7189],[137.8577,-34.7693],[137.8738,-34.7832],[137.8559,-34.7847],[137.8246,-34.8193],[137.808,-34.8491],[137.7979,-34.895],[137.8041,-34.913],[137.7549,-34.9978],[137.765,-35.0424],[137.7405,-35.0483],[137.7266,-35.0568],[137.7519,-35.0922],[137.7479,-35.1253],[137.7123,-35.1438],[137.6914,-35.1634],[137.6506,-35.1633],[137.5585,-35.1288],[137.5184,-35.1226],[137.4823,-35.1056],[137.4606,-35.0999],[137.4382,-35.0984],[137.4138,-35.1027],[137.3547,-35.1331],[137.3416,-35.1505],[137.3477,-35.1622],[137.3438,-35.1645],[137.3336,-35.1673],[137.2941,-35.166],[137.262,-35.1593],[137.2206,-35.1843],[137.1729,-35.2353],[137.1422,-35.242],[137.0646,-35.2358],[137.0289,-35.2238],[136.9755,-35.2317],[136.9603,-35.261],[136.9344,-35.2864],[136.8882,-35.2949],[136.8594,-35.2865],[136.8368,-35.2602],[136.8308,-35.2353],[136.8442,-35.2059],[136.8484,-35.1757],[136.8702,-35.153],[136.9088,-35.144],[136.9703,-35.1033],[136.9423,-35.0614],[136.9595,-35.0171],[136.9451,-34.9855],[136.9716,-34.9542],[136.9952,-34.9166],[137.0258,-34.91],[137.0508,-34.9181],[137.117,-34.9235],[137.1504,-34.9232],[137.1858,-34.9078],[137.2807,-34.8912],[137.3079,-34.9194],[137.3682,-34.9403],[137.3885,-34.9419],[137.4095,-34.9364],[137.4454,-34.9044],[137.4587,-34.7983],[137.4835,-34.7121],[137.5027,-34.6259],[137.5003,-34.5618],[137.4753,-34.5134],[137.4813,-34.5052],[137.4748,-34.4876],[137.4578,-34.4633],[137.4475,-34.4603],[137.437,-34.4624],[137.4273,-34.4701],[137.4097,-34.4563],[137.404,-34.4419],[137.4485,-34.4013],[137.4885,-34.2909],[137.482,-34.2327],[137.4704,-34.1896]]]},"properties":{"code":"S4","name":"Yorke Peninsula","state":"SA","status":"ISP candidate","status_colour":"#8b949e","declaration":"","network_projects":"","note":"","boundary_source":"AEMO indicative boundary (2022 IASR)","source":"2026 ISP Appendix A3 (June 2026) REZ list"}},{"type":"Feature","geometry":{"type":"Polygon","coordinates":[[[137.4384,-33.1496],[137.2407,-33.0774],[137.1676,-33.047],[137.1157,-33.0095],[137.0849,-32.9619],[137.066,-32.9094],[137.0653,-32.8361],[137.0857,-32.7858],[137.1301,-32.6998],[137.1876,-32.6079],[137.2572,-32.5194],[137.3618,-32.4044],[137.4074,-32.3611],[137.4693,-32.3215],[137.5951,-32.2588],[137.6553,-32.2449],[137.7382,-32.2387],[137.8202,-32.2407],[137.9177,-32.2507],[138.0074,-32.2641],[138.0845,-32.2893],[138.1461,-32.3153],[138.1924,-32.3496],[138.2396,-32.3935],[138.2813,-32.4519],[138.3321,-32.5711],[138.3378,-32.5941],[138.3276,-32.9162],[138.3265,-33.1178],[138.32,-33.1402],[138.2863,-33.2009],[138.2465,-33.2366],[138.1923,-33.2468],[138.1475,-33.2333],[138.1133,-33.2178],[138.0809,-33.2009],[138.0606,-33.1836],[138.0157,-33.1558],[138.0389,-33.1175],[138.0203,-33.1003],[138.0302,-33.0881],[138.0302,-33.0724],[138.0235,-33.0561],[138.01,-33.0393],[137.9911,-33.0249],[137.9575,-33.0194],[137.9427,-32.9681],[137.9328,-32.9043],[137.9236,-32.8792],[137.9152,-32.8397],[137.9057,-32.816],[137.8977,-32.7686],[137.913,-32.7607],[137.918,-32.7475],[137.8974,-32.7383],[137.883,-32.722],[137.8428,-32.7112],[137.8337,-32.6953],[137.846,-32.6826],[137.8418,-32.655],[137.8321,-32.6451],[137.8068,-32.6294],[137.8001,-32.6091],[137.8049,-32.5867],[137.8132,-32.573],[137.8126,-32.562],[137.7769,-32.5452],[137.761,-32.5251],[137.7499,-32.5361],[137.7612,-32.5547],[137.7608,-32.5751],[137.7657,-32.5878],[137.7505,-32.6679],[137.7569,-32.6944],[137.7502,-32.7048],[137.7535,-32.7182],[137.7612,-32.721],[137.7734,-32.7122],[137.7813,-32.7137],[137.8051,-32.7356],[137.8105,-32.7501],[137.8006,-32.7705],[137.8065,-32.7944],[137.8069,-32.8136],[137.8135,-32.8353],[137.8077,-32.8553],[137.792,-32.8736],[137.7976,-32.8864],[137.793,-32.9132],[137.7586,-32.9134],[137.7523,-32.9193],[137.7538,-32.9372],[137.7778,-32.9753],[137.7846,-32.9987],[137.767,-32.9921],[137.7259,-32.9923],[137.7035,-32.9733],[137.6665,-32.9565],[137.6264,-32.967],[137.6036,-32.9858],[137.5816,-33.0511],[137.5455,-33.0964],[137.4384,-33.1496]]]},"properties":{"code":"S5","name":"Northern SA","state":"SA","status":"ISP candidate","status_colour":"#8b949e","declaration":"","network_projects":"","note":"Western part includes the Whyalla West hydrogen and renewable energy release area (declared 22 Jan 2026).","boundary_source":"AEMO indicative boundary (2022 IASR)","source":"2026 ISP Appendix A3 (June 2026) REZ list"}},{"type":"Feature","geometry":{"type":"Polygon","coordinates":[[[136.1889,-29.8361],[136.2589,-29.8142],[136.3847,-29.7933],[136.4735,-29.7905],[136.5917,-29.7934],[136.6829,-29.8075],[136.7802,-29.8315],[136.8713,-29.8643],[136.9857,-29.9204],[137.0474,-29.9573],[137.1137,-30.0062],[137.2537,-30.1671],[137.3037,-30.2533],[137.3309,-30.3206],[137.3576,-30.405],[137.372,-30.479],[137.3779,-30.553],[137.3742,-30.6422],[137.3641,-30.7242],[137.3434,-30.7987],[137.3166,-30.8674],[137.2922,-30.9199],[137.256,-30.9801],[137.2076,-31.0461],[137.1503,-31.1078],[137.0874,-31.1644],[137.028,-31.2084],[136.9645,-31.2466],[136.8229,-31.3142],[136.7553,-31.3341],[136.6833,-31.3507],[136.6021,-31.3639],[136.5317,-31.3671],[136.441,-31.3657],[136.3288,-31.3582],[136.2268,-31.3325],[136.138,-31.3026],[136.0394,-31.2621],[135.9616,-31.2208],[135.8404,-31.1207],[135.7835,-31.0662],[135.7316,-30.9926],[135.6833,-30.9127],[135.6449,-30.82],[135.6148,-30.734],[135.6034,-30.6486],[135.6017,-30.5859],[135.6023,-30.5062],[135.6384,-30.3502],[135.6691,-30.2714],[135.7115,-30.198],[135.8151,-30.0597],[135.8913,-29.994],[135.9778,-29.9251],[136.068,-29.8845],[136.1889,-29.8361]]]},"properties":{"code":"S6","name":"Roxby Downs","state":"SA","status":"ISP candidate","status_colour":"#8b949e","declaration":"","network_projects":"","note":"","boundary_source":"AEMO indicative boundary (2022 IASR)","source":"2026 ISP Appendix A3 (June 2026) REZ list"}},{"type":"Feature","geometry":{"type":"Polygon","coordinates":[[[135.6047,-34.8896],[135.5933,-34.8485],[135.589,-34.8182],[135.5777,-34.6897],[135.5731,-34.6122],[135.5786,-34.5162],[135.5943,-34.4103],[135.6093,-34.3386],[135.6547,-34.1612],[135.7078,-34.0039],[135.781,-33.8162],[136.0075,-33.324],[136.1276,-33.0825],[136.1876,-32.9824],[136.2593,-32.8793],[136.3189,-32.8012],[136.357,-32.7717],[136.4024,-32.7428],[136.4419,-32.7227],[136.5031,-32.7006],[136.5472,-32.6901],[136.602,-32.6854],[136.6822,-32.6902],[136.7399,-32.7041],[136.7836,-32.7251],[136.8399,-32.764],[136.8852,-32.8173],[136.9243,-32.8798],[136.9545,-32.9584],[136.976,-33.1183],[136.9935,-33.568],[137.0017,-33.6735],[136.9907,-33.6979],[136.9714,-33.6855],[136.9499,-33.6783],[136.9133,-33.7151],[136.9218,-33.7371],[136.9458,-33.7246],[136.9653,-33.7343],[136.9637,-33.7474],[136.9221,-33.7731],[136.8709,-33.7979],[136.8171,-33.8051],[136.7894,-33.8213],[136.7031,-33.8563],[136.6407,-33.892],[136.5788,-33.9224],[136.5799,-33.944],[136.5353,-33.9646],[136.4847,-34.003],[136.4173,-34.0337],[136.3545,-34.0926],[136.3566,-34.129],[136.3325,-34.1724],[136.2817,-34.2437],[136.2242,-34.3125],[136.1667,-34.3299],[136.1258,-34.3602],[136.1259,-34.4609],[136.1102,-34.5258],[136.0889,-34.5466],[136.0818,-34.5308],[136.0748,-34.4979],[136.0424,-34.4986],[136.0191,-34.5173],[135.9742,-34.5244],[135.9285,-34.5372],[135.9165,-34.574],[135.9136,-34.5947],[135.9394,-34.6085],[135.9498,-34.6341],[135.9363,-34.6481],[135.8909,-34.6248],[135.8703,-34.6399],[135.8566,-34.688],[135.8616,-34.7017],[135.8904,-34.7273],[135.9081,-34.7498],[135.8628,-34.7588],[135.8116,-34.7768],[135.7933,-34.8073],[135.8554,-34.8113],[135.8787,-34.7945],[135.9591,-34.7831],[135.9782,-34.7621],[136.0202,-34.7433],[136.0124,-34.7824],[135.9751,-34.851],[135.9775,-34.8835],[135.9976,-34.9385],[135.992,-34.9779],[135.9621,-35.0093],[135.9385,-34.9787],[135.9247,-34.9451],[135.8853,-34.9281],[135.8422,-34.888],[135.7756,-34.8665],[135.7227,-34.8786],[135.6997,-34.9087],[135.6805,-34.9449],[135.6187,-34.9371],[135.6153,-34.8969],[135.6047,-34.8896]]]},"properties":{"code":"S7","name":"Eastern Eyre Peninsula","state":"SA","status":"ISP candidate","status_colour":"#8b949e","declaration":"","network_projects":"","note":"","boundary_source":"AEMO indicative boundary (2022 IASR)","source":"2026 ISP Appendix A3 (June 2026) REZ list"}},{"type":"Feature","geometry":{"type":"Polygon","coordinates":[[[134.0447,-32.4659],[134.0394,-32.4608],[134.047,-32.4194],[134.0709,-32.3702],[134.085,-32.3522],[134.0985,-32.3385],[134.1389,-32.3106],[134.1853,-32.2897],[134.214,-32.2859],[134.2583,-32.288],[134.3042,-32.2963],[134.3747,-32.3199],[134.4273,-32.3416],[134.4777,-32.3697],[134.6157,-32.4683],[134.7791,-32.6108],[134.9593,-32.8072],[135.1501,-33.0671],[135.2481,-33.2239],[135.3368,-33.3818],[135.4147,-33.5502],[135.4627,-33.6942],[135.4927,-33.8336],[135.4978,-33.9104],[135.4953,-33.9696],[135.4771,-34.0261],[135.4431,-34.0841],[135.3916,-34.1177],[135.3199,-34.1561],[135.2618,-34.1678],[135.2483,-34.1384],[135.2782,-34.1107],[135.2812,-34.0757],[135.2704,-34.0257],[135.2294,-33.9552],[135.1918,-33.9027],[135.0979,-33.8232],[135.0286,-33.7546],[134.8751,-33.6461],[134.8405,-33.6329],[134.8409,-33.608],[134.8477,-33.5852],[134.8649,-33.5592],[134.8659,-33.5303],[134.8467,-33.4481],[134.8315,-33.405],[134.8236,-33.3696],[134.8042,-33.327],[134.7591,-33.3028],[134.7333,-33.2701],[134.675,-33.2427],[134.6908,-33.2293],[134.7112,-33.22],[134.6895,-33.2027],[134.6694,-33.1961],[134.6545,-33.1964],[134.6604,-33.2138],[134.6575,-33.2259],[134.6425,-33.222],[134.6314,-33.2431],[134.6101,-33.2312],[134.5994,-33.2156],[134.5584,-33.1907],[134.4579,-33.1571],[134.4251,-33.1536],[134.3955,-33.1674],[134.3865,-33.1786],[134.3635,-33.1676],[134.3542,-33.1436],[134.347,-33.1622],[134.352,-33.1858],[134.3414,-33.198],[134.3246,-33.2035],[134.2651,-33.1571],[134.2591,-33.1117],[134.2457,-33.0957],[134.2405,-33.0733],[134.221,-33.0494],[134.1965,-33.0395],[134.1767,-33.0543],[134.1516,-33.0382],[134.145,-33.0157],[134.1813,-33.016],[134.1982,-32.9912],[134.1995,-32.9647],[134.1831,-32.9399],[134.1589,-32.9275],[134.1452,-32.9503],[134.1248,-32.9226],[134.0791,-32.9273],[134.0641,-32.9208],[134.0794,-32.8885],[134.1348,-32.8498],[134.1372,-32.8246],[134.1302,-32.8044],[134.1118,-32.783],[134.1048,-32.7628],[134.0801,-32.7443],[134.0676,-32.7223],[134.0867,-32.7208],[134.1867,-32.7294],[134.1948,-32.7521],[134.1952,-32.7776],[134.2133,-32.7917],[134.2302,-32.7669],[134.2589,-32.7398],[134.2729,-32.7147],[134.2825,-32.6891],[134.2878,-32.6545],[134.2744,-32.6288],[134.272,-32.597],[134.2503,-32.5594],[134.1906,-32.4957],[134.1376,-32.4643],[134.0992,-32.4599],[134.0853,-32.4754],[134.0447,-32.4659]]]},"properties":{"code":"S8","name":"Western Eyre Peninsula","state":"SA","status":"ISP candidate","status_colour":"#8b949e","declaration":"","network_projects":"","note":"","boundary_source":"AEMO indicative boundary (2022 IASR)","source":"2026 ISP Appendix A3 (June 2026) REZ list"}},{"type":"Feature","geometry":{"type":"Polygon","coordinates":[[[146.7992,-41.0523],[146.8451,-40.9986],[146.9498,-40.9533],[147.09,-40.9057],[147.2387,-40.865],[147.4223,-40.7967],[147.7486,-40.7225],[147.99,-40.7087],[148.1098,-40.7206],[148.2784,-40.7543],[148.3761,-40.8066],[148.4368,-40.8726],[148.4562,-40.9338],[148.4367,-40.9716],[148.4008,-41.0099],[148.3511,-41.0339],[148.3115,-41.0611],[148.2181,-41.0987],[148.0391,-41.1559],[147.9244,-41.1985],[147.8555,-41.2188],[147.6923,-41.2578],[147.4513,-41.291],[147.2813,-41.3023],[147.0216,-41.2972],[146.9386,-41.2894],[146.8642,-41.2582],[146.8101,-41.223],[146.7828,-41.1077],[146.7992,-41.0523]]]},"properties":{"code":"T1","name":"North East Tasmania","state":"TAS","status":"ISP candidate","status_colour":"#8b949e","declaration":"","network_projects":"","note":"","boundary_source":"AEMO indicative boundary (2022 IASR)","source":"2026 ISP Appendix A3 (June 2026) REZ list"}},{"type":"Feature","geometry":{"type":"Polygon","coordinates":[[[145.7247,-40.9604],[145.7909,-40.9855],[145.86,-41.0201],[145.9293,-41.0604],[146.1245,-41.0971],[146.3162,-41.1243],[146.4709,-41.1499],[146.4464,-41.2323],[146.3659,-41.3502],[146.2521,-41.5012],[146.1405,-41.6424],[146.0121,-41.7923],[145.9945,-41.8726],[145.7795,-42.1167],[145.6916,-42.1746],[145.6584,-42.1865],[145.4696,-42.1918],[145.1497,-41.9457],[145.1396,-41.9457],[145.0964,-41.908],[145.0766,-41.8779],[145.027,-41.8228],[145.0008,-41.7628],[144.9876,-41.7502],[144.9344,-41.74],[144.8984,-41.6874],[144.8794,-41.6026],[144.8013,-41.4553],[144.7874,-41.446],[144.7752,-41.4459],[144.7439,-41.4365],[144.7336,-41.4286],[144.7476,-41.4195],[144.7689,-41.3961],[144.7711,-41.3647],[144.747,-41.3436],[144.7368,-41.3225],[144.7282,-41.3186],[144.7043,-41.2857],[144.6871,-41.2685],[144.6838,-41.258],[144.6892,-41.2463],[144.6913,-41.2189],[144.6882,-41.1953],[144.6663,-41.1468],[144.6654,-41.0958],[144.6622,-41.0775],[144.6572,-41.0605],[144.635,-41.0394],[144.6093,-41.0209],[144.6218,-40.9922],[144.6067,-40.9634],[144.6035,-40.9438],[144.6263,-40.927],[144.6489,-40.9193],[144.6663,-40.9077],[144.6927,-40.874],[144.6966,-40.8453],[144.6959,-40.7656],[144.6929,-40.7316],[144.6811,-40.7106],[144.6832,-40.6806],[144.6957,-40.6454],[144.725,-40.6469],[144.747,-40.6771],[144.7554,-40.6994],[144.781,-40.7192],[144.8085,-40.7181],[144.86,-40.7446],[144.8977,-40.7592],[144.9357,-40.7594],[144.9806,-40.7505],[145.0184,-40.7638],[145.0323,-40.7508],[145.0601,-40.7557],[145.0853,-40.7803],[145.1195,-40.7959],[145.1523,-40.8021],[145.2075,-40.8023],[145.2345,-40.7957],[145.2457,-40.7887],[145.2579,-40.7728],[145.2628,-40.757],[145.2458,-40.718],[145.2542,-40.712],[145.2646,-40.7137],[145.2786,-40.7368],[145.2946,-40.7381],[145.298,-40.7437],[145.2949,-40.7509],[145.3075,-40.7642],[145.3021,-40.7667],[145.2931,-40.7646],[145.2858,-40.7684],[145.2769,-40.7946],[145.3002,-40.822],[145.2982,-40.8462],[145.4545,-40.8708],[145.4771,-40.8652],[145.4959,-40.8524],[145.5072,-40.8595],[145.5072,-40.8695],[145.526,-40.8951],[145.5636,-40.9207],[145.6182,-40.9364],[145.6652,-40.9435],[145.7247,-40.9604]]]},"properties":{"code":"T2","name":"North West Tasmania","state":"TAS","status":"ISP candidate","status_colour":"#8b949e","declaration":"","network_projects":"Tasmania REZ Expansion (Burnie-Hampshire Hills) - Actionable, Jul 2030 | Project Marinus Stage 1 - North West Transmission Developments - Anticipated, Dec 2030 | Project Marinus Stage 2 - Actionable, Dec 2034","note":"","boundary_source":"AEMO indicative boundary (2022 IASR)","source":"2026 ISP Appendix A3 (June 2026) REZ list"}},{"type":"Feature","geometry":{"type":"Polygon","coordinates":[[[147.6231,-42.4465],[147.5204,-42.4864],[147.0414,-42.5536],[146.7359,-42.5747],[146.5935,-42.5444],[146.5061,-42.5015],[146.442,-42.4575],[146.3953,-42.4158],[146.338,-42.3719],[146.2959,-42.3139],[146.27,-42.2709],[146.2486,-42.2172],[146.2549,-42.1571],[146.2863,-42.092],[146.3138,-42.0168],[146.3394,-41.968],[146.4825,-41.824],[146.5836,-41.7474],[146.6484,-41.6929],[146.6909,-41.6444],[146.7284,-41.6125],[146.7736,-41.5974],[146.7921,-41.5813],[146.8543,-41.5833],[147.0362,-41.5754],[147.2709,-41.5957],[147.5948,-41.6747],[147.682,-41.7621],[147.7377,-41.8456],[147.7551,-41.9167],[147.7605,-41.9934],[147.775,-42.029],[147.7651,-42.0728],[147.7761,-42.1936],[147.7659,-42.2492],[147.7322,-42.3808],[147.6231,-42.4465]]]},"properties":{"code":"T3","name":"Central Highlands (TAS)","state":"TAS","status":"ISP candidate","status_colour":"#8b949e","declaration":"","network_projects":"Second Tasmania REZ Expansion (Waddamana-Palmerston) - Future, 2034-35 (Accelerated Transition only)","note":"","boundary_source":"AEMO indicative boundary (2022 IASR)","source":"2026 ISP Appendix A3 (June 2026) REZ list"}}]}